企业名称,统一社会信用代码,注册日期,企业类型,法人代表,注册资金,经营范围,所在省份,地区,注册地址
云南白药集团健康产品有限公司,91530100216583428N,1991-01-01,N/A,秦皖民,"8,450(万元人民币)","日用化学产品制造；国内贸易、物资供销；电子商务；货物及技术进出口业务；日用化学产品科技及经济技术咨询服务；非医疗类口腔护理用具的制造；非医疗类美容服务；承办会议及商品展览展示活动（不得涉及互联网金融类及其关联衍生业务、个人征信业务）（危险化学品、涉氨制冷业及国家限定违禁管制品除外）（不得在经开区内从事本区产业政策中限制类、禁止类行业）（依法须经批准的项目，经相关部门批准后方可开展经营活动）",云南,昆明,"昆明经济技术开发区经邮路6号"
昆明飞龙电器有限公司,915300002165445331,1991-01-01,有限责任公司,彭祖昌,"125万人民币","电灶、电火锅、工业用电炉、电烤箱、电热淋浴器、箱类低压成套开关设备的生产、销售；弱电工程施工；电视墙、控制台生产及安装；电气设备、计算机系统集成、综合布线、家用电器的销售及维修；厨柜用品的销售；电气修理及安装；五金加工",云南,昆明,"云南省昆明市穿金路云波小区5幢商铺"
腾冲县供销合作社芒棒购销专业合作社收购门市,91530522MA6KYHBB86,1991-01-01,集体分支机构(非法人),杨晓刚,"N/A","农副产品、废旧物资回收。兼营范围：日用百货、副食、其他食品零售。",云南,保山,"云南省保山市腾冲市芒棒镇芒棒街"
昆明贝灵电子有限责任公司,9153010321672725XE,1991-01-04,有限责任公司,岳碧霞,"100万人民币","声光控自熄开关、时控器、路灯控制器、漏电保护器的研制、开发、生产、销售；电子元器件的销售（依法须经批准的项目，经相关部门批准后方可开展经营活动）",云南,昆明,"云南省昆明市盘龙区金康园小区10幢1单元1705号"
昆明鑫鑫朝晖商贸有限公司,91530100770470578H,1991-01-04,N/A,孙荷香,"169(万元人民币)","国内贸易、物资供销（依法须经批准的项目，经相关部门批准后方可开展经营活动）",云南,昆明,"昆明市广福小区二区12幢2单元802号"
建水县城郊大理石制品厂,91532524770494318J,1991-01-05,集体所有制,黄保和,"40万人民币","大理石、花岗石、石板材、非金属粉沫制造销售。兼营范围：建筑五金、机械配件、橡胶制品、日用百货。",云南,红河,"云南省红河哈尼族彝族自治州建水县临安镇城西门外"
易门县民有建材开发有限公司,9153042521779063X8,1991-01-05,N/A,王学明,"159(万元人民币)","页岩砖、新型墙材生产、销售。",云南,玉溪,"云南省玉溪市易门县六街街道办事处二街社区西山村"
昆明市长青民族工艺品有限公司,91530102216724825Y,1991-01-05,N/A,王云华,"56.4000(万元人民币)","工艺美术品的制作及销售（依法须经批准的项目，经相关部门批准后方可开展经营活动）",云南,昆明,"云南省昆明市五华区银河大道西侧郡城小区10幢1-2层6号商铺"
云南汽车修理一厂劳动服务公司,91530112216757811X,1991-01-07,N/A,黄世新,"33.8500(万)","(以下经营范围不得开展经营活动，仅限于保留主体资格)仓储（汽车及汽车配件）；租赁（厂内自有房屋）；沐浴、劳务服务（含厂内绿化卫生，开水房）；养鱼、收购厂内废旧钢铁；五金加工兼营范围：",云南,昆明,"云南省云南汽车修理一厂内"
云南电网有限责任公司红河供电局,91532500917888419P,1991-01-08,N/A,吕凌霄,"N/A","趸售：红河州行政区域；直供：红河州行政区域内云南电网公司电网形成的直供营业区；电力设备销售（依法须经批准的项目，经相关部门批准后方可开展经营活动）",云南,红河,"云南省红河州蒙自市银河路南延段与红河大道交叉口西南角"
昆明市西山区农村信用合作联社渔户分社,91530100916744157J,1991-01-09,N/A,倪斯琳,"N/A","经营中国银行业监督管理委员会依照有关法律、行政法规和其他规定批准的业务，经营范围以批准文件所列的为准；保险兼业代理业务（按《保险兼业代理业务许可证》核定的范围和时限开展经营活动）兼营范围：（依法须经批准的项目，经相关部门批准后方可开展经营活动）",云南,昆明,"昆明市滇池路七公里昆明二建建设(集团)房地产开发有限公司一楼商铺"
红河农垦发电公司,91532532218150634L,1991-01-09,N/A,凌战生,"403.4000(万元人民币)","水力发电兼营范围：（依法须经批准的项目，经相关部门批准后方可开展经营活动）",云南,红河,"云南省红河州河口县冷水沟小区"
双江拉祜族佤族布朗族傣族自治县贺六供销社,915309252196001906,1991-01-10,集体所有制,付天兰,"30万人民币","化肥、农药；烟花爆竹、食用盐、零售。兼营范围：不再分装的袋装种子零售。",云南,临沧,"双江县勐勐镇贺六街"
曲靖霞光总公司,91530302217221795E,1991-01-10,N/A,何标,"150(万元人民币)","五金、交电、建材、百货、针纺织品、文化用品、家用电器、润滑油、石油成品油零售；住宿服务；出版物印刷；地质专用材料、金属材料、橡胶制品、钻机配件、钻机设备、机电设备、汽车配件、拖拉机配件、摩托车及配件、塑料制品、煤炭及煤炭产品销售。",云南,曲靖,"云南省曲靖市麒麟区交通路-34号"
双江拉祜族佤族布朗族傣族自治县忙糯供销合作社,91530925219600182B,1991-01-10,集体所有制,尹忠于,"70.3万人民币","化学肥料、农药；日用百货、文体用品、针纺织品、酒、农用金属工具。兼营范围：建材、钢材、农副产品。",云南,临沧,"双江忙糯乡（忙糯街）"
临沧市强力饮食有限责任公司强力缘圈掌店,91530902MA6K5PN329,1991-01-10,N/A,张绍兰,"N/A","住宿、餐饮、娱乐、沐浴服务；日用百货、酒、糖、罐头、饮料零售及农副产品收购、销售。",云南,临沧,"云南省临沧市临翔区圈掌街295号"
昆明市民利企业总公司明通商店,91530103916702280K,1991-01-10,N/A,刘学新,"N/A","烟酒糖茶、饮料、小食品、生活用纸、日用化学制品的零售 兼营范围:(依法须经批准的项目,经相关部门批准后方可开展经营活动)",云南,昆明,"云南省昆明市明通巷3号"
昆明云鹰柜业有限公司,91530103216680260Y,1991-01-11,N/A,李德昆,"722.1300(万元人民币)","保险柜、金属箱柜、金属构件、金属包装物品及金属包装容器制造和销售；五金机械加工服务；家具、金属材料的销售（依法须经批准的项目，经相关部门批准后方可开展经营活动）",云南,昆明,"云南省昆明市盘龙区金马镇郭家凹村"
云南省通海秀通石棉制品厂,91530423217752190T,1991-01-12,集体所有制,张志光,"120.6万人民币","生产销售：石棉瓦、石棉制品。兼营范围：",云南,玉溪,"云南省玉溪市通海县城郊龙王庙"
楚雄市建筑公司,91532301217441675M,1991-01-15,N/A,邓雄,"901.2000(万元人民币)","工业与民用建筑工程施工",云南,楚雄,"云南省楚雄州楚雄市鹿城镇环城西路105号"
楚雄市环城建筑有限公司,91532301217441739K,1991-01-15,N/A,高元明,"2,000(万元人民币)","建筑工程施工；市政工程施工；水电安装；建筑五金、水暖器材、建筑材料、装饰装潢材料、建筑机械及设备租赁；房屋租赁。",云南,楚雄,"云南省楚雄彝族自治州楚雄市鹿城镇环城西路400号"
云南水电十四局昆华建设有限公司大理机电安装分公司,915329007414572358,1991-01-17,N/A,李锐,"N/A","输变电工程，水利水电建筑安装工程。机械电器加工及修理。",云南,大理,"云南省大理白族自治州大理市下关镇新桥北斜阳小区水电机电安装分公司"
云南建投第四建设有限公司曲靖分公司,91530302917225703B,1991-01-18,N/A,李开福,"N/A","各种通用工业与民用建筑项目的建筑施工，水泥预制加工，建筑用金属制品生产，建筑机械设备维修。",云南,曲靖,"云南省曲靖市麒麟北路231号"
中国工商银行股份有限公司保山和平支行,91530502577266575W,1991-01-21,N/A,汉伟明,"N/A","金融业务。",云南,保山,"云南省保山市隆阳区永昌街道正阳北路139号"
昆明光达实业有限公司,91530000216545640M,1991-01-23,N/A,吴玉平,"323.2000(万)","仪器仪表，电子产品，五金交电，电工器材，建筑材料，化工产品，汽车摩托车配件，电子元器件，机电产品",云南,昆明,"云南省昆明市环城北路75号"
腾冲市房地产综合开发总公司,915305222189909758,1991-01-23,N/A,邵维岳,"220(万元人民币)","房地产开发、经营、租赁、投资，承揽委托建筑工程；房屋维修；物业管理。兼营范围：销售建筑装饰材料、钢材。",云南,保山,"云南省保山市腾冲市腾越镇范家坡72号"
西南仪器厂劳动服务公司家属服务部,915301122167544855,1991-01-25,N/A,孙敏翔,"31(万元人民币)","米线加工销售；餐饮服务。兼营范围：",云南,昆明,"云南省昆明市西山区海口山冲"
大姚瀚泰房地产投资开发有限公司,91532326217561271U,1991-01-25,N/A,周波,"858(万元人民币)","房地产开发与经营；建筑材料",云南,楚雄,"云南省楚雄彝族自治州大姚县金碧镇金龙社区永盛新城31幢113号"
云南粮油贸易有限公司,91530100709826539Q,1991-01-26,N/A,杨波,"556(万元人民币)","粮食及制品、食油及制品、商品包装材料、粮油机械设备及配件、日用百货、农副产品、建筑材料、机电产品、汽车的销售；预包装食品、散装食品的批发零售；货物及技术的进出口业务。",云南,昆明,"云南省昆明东郊黄龙山"
云南电网有限责任公司,915300007134058253,1991-01-26,N/A,薛武,"1,738,055(万元人民币)","电力生产，电力供应，电网经营，趸售区域：云南省全省行政区域。直供区域：云南电网公司现有电网在省内对用户直供形成的经营区域。出口：本企业自产的电力、机电产品。进口：本企业生产、科研所需的原材料，机械设备，仪器仪表及零配件。电力工程，电力通信工程，设计，建筑，安装，监理，承包，发包，技术咨询服务，电力设备，电力通信器材，电力线路器材，制造、加工、销售。饭店宾馆，餐饮服务（限分支机构经营），其他商品批发、零售、服务",云南,昆明,"云南省昆明市拓东路73号"
昆明平板玻璃厂服务公司,915301122167613437,1991-01-31,N/A,邱妹,"49(万元人民币)","平板玻璃、镜子、玻璃家具、金属材料、五金、普通机械及器材、装饰材料、日用百货的销售；停车场经营兼营范围：",云南,昆明,"云南省昆明市滇缅大道2715号"
云南双全投资有限公司,91530000216580921J,1991-02-01,N/A,刘树英,"6,360.1600(万元人民币)","房地产开发项目投资；房屋租赁；建筑材料、装饰材料、金属材料、五金、交电、建筑机械、日用百货的销售；花卉、盆景、蔬菜种植及销售；家禽、家畜、鱼类养殖及销售。",云南,昆明,"云南省昆明市北郊下马村"
昆明公交集团有限责任公司西部修理分公司,91530100916599076H,1991-02-01,N/A,李嶷,"N/A","壹类汽车维修；汽车（小轿车除外）及零配件的销售；洗车服务（依法须经批准的项目，经相关部门批准后方可开展经营活动）",云南,昆明,"昆明市西山区黑林铺镇昆沙路412号"
保山市隆阳区汉庄供销合作社庄稼医院,91530500MA6KPYAQ14,1991-02-02,集体分支机构(非法人),兰自顺,"N/A","化肥零售。",云南,保山,"云南省保山市隆阳区汉庄镇汉庄街"
昆明缤纷园艺有限公司,91530000622600940W,1991-02-04,N/A,周征宇,"3,370(万港币)","培植销售盆花，盆景切花.",云南,昆明,"云南省昆明市呈贡区斗南街道殷联社区练朋尾村二组399号附1号"
深圳市宝安区福永永达制品厂,91530100734317904N,1991-02-05,来料加工,陈觉中,"0万人民币","工模,线路板.；",云南,昆明,"福永镇第二工业村"
云南玉溪电力职工技协工程公司,91530400217660448U,1991-02-06,N/A,马永林,"136.3000(万元人民币)","电力技术咨询、服务",云南,玉溪,"云南省玉溪市红塔区朱谨路50号"
云南供销储运有限公司,91530000216521243U,1991-02-06,有限责任公司,张春现,"1300万人民币","物资中转，汽车零部件、装卸；以下仅限分公司经营：汽车运输、住宿、餐饮、物资储存、后勤服务、搬运。",云南,昆明,"云南省昆明市东风西路143号"
云南沧江机械修造厂,91532800218570604F,1991-02-07,国有企业,邹学平,"431万人民币","农机新技术引进，推广和技术咨询，机械设备及配件、橡胶植保机械及配件、钢门窗销售，工业液氧零售、医药用氧气生产、销售",云南,西双版纳,"景洪市宣慰大道107号"
云南省昭通新生机械厂,91530600216970874W,1991-02-07,国有企业,刘昌文,"620万人民币","机械零配件加工、修理，工矿配件、电机电器修理，灯具、灯饰组装。兼营范围：",云南,昭通,"云南省昭通市昭阳区建设南路218号"
昆明华夏建筑经营有限公司货栈分公司,91530112713431185D,1991-02-07,N/A,严剑秋,"N/A","仓储及货物运输；停车场经营；汽车室内装饰；汽车美容；洗车服务（依法须经批准的项目，经相关部门批准后方可开展经营活动）",云南,昆明,"云南省昆明市船房西华园南则"
云南西南仪器厂劳动服务公司,91530112216754629N,1991-02-08,N/A,林建忠,"100(万)","普通机械配件的加工及销售。兼营范围：",云南,昆明,"云南省昆明市西山区海口２００号"
昆明新星旅游汽车有限责任公司,91530103216725326B,1991-02-09,N/A,范志慈,"32.5000(万元人民币)","出租汽车客运服务（依法须经批准的项目，经相关部门批准后方可开展经营活动）",云南,昆明,"昆明市盘龙区穿金路182号"
弥渡县农村信用合作联社弥城信用社,9153292591877419XP,1991-02-12,N/A,曹建德,"N/A","金融业务，中国保监会校准的财产险、人身险代理。",云南,大理,"云南省大理白族自治州弥渡县弥城镇建设路"
楚雄市树苴供销合作社有限责任公司,9153230121744178XN,1991-02-15,有限责任公司,韩万美,"90万人民币","农药零售；预包装食品兼散装食品的批发兼零售；化肥、农膜、农机具、文化体育用品、手机及其配件、日用品、五金、交电、服装、建筑材料的批发和零售；果品、蔬菜、魔芋收购、批发；废旧物资收购、销售。",云南,楚雄,"云南省楚雄彝族自治州楚雄市树苴乡"
楚雄市树苴供销合作社有限责任公司树苴生资门市,91532301MA6K57LM6L,1991-02-15,有限责任公司,罗发良,"N/A","农药、化肥、农膜、农机具、包装种子销售。",云南,楚雄,"云南省楚雄彝族自治州楚雄市树苴乡五街"
楚雄市树苴供销合作社有限责任公司二街生资门市,91532301MA6K57KG07,1991-02-15,有限责任公司,姚光金,"N/A","农药",云南,楚雄,"云南省楚雄彝族自治州楚雄市树苴乡二街"
楚雄市西舍路供销社有限公司,9153230176706574XP,1991-02-15,有限责任公司,马洪忠,"90万人民币","化肥、农机具及配件、五金、交电、家具、针纺织品、其他日用品的零售；废旧物资、核桃种植、收购、销售。",云南,楚雄,"楚雄市西舍路乡西舍路村"
昆明工贸物业发展公司,91530102216649896A,1991-02-21,N/A,明永广,"1,000(万元人民币)","房地产开发、城市房屋拆迁 兼营范围：五金交电、建筑材料、金属材料、装饰材料 （依法须经批准的项目，经相关部门批准后方可开展经营活动）",云南,昆明,"云南省昆明市五华区东风西路304号"
昆明新润经贸有限公司,915301114314012879,1991-02-22,N/A,王荣新,"699.6800(万元人民币)","木材、人造板、木家具、木门窗、木地板的加工、销售；五金交电、普通机械产品、电线、电缆的销售",云南,昆明,"昆明市东郊三公里贵昆路38号"
中国银行股份有限公司楚雄州东门街支行,9153230076042229XC,1991-02-23,N/A,沈绍雄,"N/A","吸收公众存款；发放人民币短期、中期、长期贷款；办理人民币结算；办理票证贴现；办理外汇存款、外币兑换业务；经中国银行业监督管理委员会批准办理的其他业务。",云南,楚雄,"云南省楚雄彝族自治州楚雄市团结路460号"
通海县丰和水产养殖有限公司,9153042377266822XR,1991-02-24,有限责任公司,沈儒权,"260万人民币","水产养殖；销售：渔药、饲料、网具、渔具；水利设施安装、维修；沟道、水库、鱼塘清淤；鱼苗、鱼种繁殖。",云南,玉溪,"云南省玉溪市通海县秀山镇湖滨路渔场"
昆明新华书店连锁有限公司教材发行部,91530100916600460G,1991-02-26,N/A,管丽云,"N/A","大中专、中小学教材课本的零售（依法须经批准的项目，经相关部门批准后方可开展经营活动）",云南,昆明,"云南省昆明市官渡区东郊凉亭归十路新华书店"
澄江县万海旅游服务公司,915304227194169123,1991-02-26,N/A,许世德,"104(万元人民币)","旅游服务。兼营范围：日用品。",云南,玉溪,"云南省玉溪市澄江县龙街镇万海村委会许士营村"
昆明市西山云丰机械设备厂,915301027194182219,1991-02-27,集体所有制,刘明光,"3.8万人民币","五金、机械加工、冷作铆焊、机械设备安装、修理及配件制造；车用、机床用单、双项电动泵、不锈钢化膏的零售兼营范围：（依法须经批准的项目，经相关部门批准后方可开展经营活动）",云南,昆明,"云南省昆明市五华区麻园３８２号"
昆明中材勘察设计院有限公司,91530100216581414T,1991-02-28,N/A,罗联聪,"301.5800(万元人民币)","工程勘察专业类（岩土工程（勘察））；建材行业（非金属矿及原料制备工程）；工程勘察专业类（岩土工程（设计，物探测试检测监测）、水文地质勘察）；工程勘察专业类（工程测量）；劳务类（工程钻探、凿井）；土石方工程（依法须经批准的项目，经相关部门批准后方可开展经营活动）",云南,昆明,"昆明市五华区人民西路380号熙城大厦7楼"
大理市银桥供销合作社,91532901218662584Y,1991-02-28,集体所有制,赵应方,"39万人民币","农药、化肥、农用地膜等生产资料。",云南,大理,"云南省大理州大理市银桥镇鹤阳村"
云南烟草机械厂,9153000021652185XF,1991-03-01,国有企业,殷伟刚,"940.99万人民币","机械制造及零配件加工。兼营范围：建筑材料、金属材料销售；房屋租赁。",云南,昆明,"云南省昆明市高新技术开发区科医路43号"
镇沅彝族哈尼族拉祜族自治县里崴供销合作社,91530825MA6MW0R12E,1991-03-01,集体所有制,杨正雄,"18.6万人民币","化肥农药、农膜、日用百货、日用化学品、日用杂货、五金交电、化工、食品饮料、棉麻纺织品、服装鞋帽、文化体育用品、土畜产品。兼营范围：烟花爆竹、中成药。",云南,普洱,"镇沅县里崴乡"
师宗县葵山供销社瓦葵化肥门市部,91530323MA6K581G2H,1991-03-02,集体分支机构(非法人),董小国,"N/A","化肥零售*兼营范围：（经营范围中涉及专项审批的按许可证经营）*（依法须经批准的项目，经相关部门批准后方可开展经营活动）",云南,曲靖,"葵山乡瓦葵村"
河口桥头供销有限公司,91532532218150757M,1991-03-02,有限责任公司,张学华,"141万人民币","化肥、农药（不得经营高毒高残留农药）（限有许可证的分支机构经营）、农膜、食盐、日用品、日用百货、针纺织品、服装、文化、体育用品及器材、五金交电、电子产品的销售、农副产品收购；货物进出口、技术进出口（依法须经批准的项目，经相关部门批准后方可开展经营活动）",云南,红河,"云南省红河州河口县桥头街"
师宗县葵山供销社,91530323217350298B,1991-03-02,集体所有制,朱茂荣,"103万人民币","化肥、农药、农用薄膜、百货、针纺织品、日用杂货、煤油＊兼营范围：其它食品、三类农副产品收购、五金、交电、化工（经营范围中涉及专项审批的按许可证经营）＊",云南,曲靖,"葵山镇瓦葵村"
云南邮电六0五厂有限责任公司昆明分公司,91530100778581125F,1991-03-05,N/A,普世锦,"N/A","钢制办公档案箱、文件柜、保险柜、保密柜、密集架、医疗器械装具、图书档案装具、校用设备、钢木家具、通信机房配套机箱、机柜、金属桥架、通信工程辅助器材的销售（依法须经批准的项目，经相关部门批准后方可开展经营活动）",云南,昆明,"昆明市穿金路591号"
师宗县农村信用合作联社葵山信用社,91530323217350992G,1991-03-06,N/A,许红兵,"N/A","（一）、吸收公众存款；（二）、发放短期、中期和长期贷款；（三）、办理国内结算；（四）、办理票据承兑与贴现；（五）、代理发行、代理兑现、承销政府债券；（六）、买卖政府债券、金融债券；（七）、从事同业拆借；（八）、代理收付款项及代理保险业务；（九）、提供保管箱业务；（十）、经银行业监督管理机构批准的其他业务**兼营范围：（依法须经批准的项目，经相关部门批准后方可开展经营活动）",云南,曲靖,"师宗县葵山镇瓦葵村"
师宗县农村信用合作联社雄壁信用社,91530323217351063L,1991-03-06,N/A,秦东红,"N/A","（一）、吸收公众存款；（二）、发放短期、中期和长期贷款；（三）、办理国内结算；（四）、办理票据承兑与贴现；（五）、代理发行、代理兑现、承销政府债券；（六）、买卖政府债券、金融债券；（七）、从事同业拆借；（八）、代理收付款项及代理保险业务；（九）、提供保管箱业务；（十）、经银行业监督管理机构批准的其他业务兼营范围：（依法须经批准的项目，经相关部门批准后方可开展经营活动）",云南,曲靖,"雄壁镇雄壁办事处"
师宗县农村信用合作联社竹基信用社,91530323217350984M,1991-03-06,N/A,秦敏,"N/A","（一）、吸收公众存款；（二）、发放短期、中期和长期贷款；（三）、办理国内结算；（四）、办理票据承兑与贴现；（五）、代理发行、代理兑现、承销政府债券；（六）、买卖政府债券、金融债券；（七）、从事同业拆借；（八）、代理收付款项及代理保险业务；（九）、提供保管箱业务；（十）、经银行业监督管理机构批准的其他业务兼营范围：（依法须经批准的项目，经相关部门批准后方可开展经营活动）",云南,曲靖,"师宗县竹基乡竹基村"
宣威市文兴供销合作社,91530381217290010B,1991-03-06,集体所有制,李应合,"81.2万人民币","百货.针纺织品.日用杂品.农业生产资料.五金交电.化工(不含化工原料)兼营范围：收购:废旧物资.农副产品(不含烟叶)",云南,曲靖,"云南省曲靖市宣威市文兴乡"
师宗县农村信用合作联社高良信用社,915303232173510394,1991-03-06,N/A,李绍先,"N/A","（一）、吸收公众存款；（二）、发放短期、中期和长期贷款；（三）、办理国内结算；（四）、办理票据承兑与贴现；（五）、代理发行、代理兑现、承销政府债券；（六）、买卖政府债券、金融债券；（七）、从事同业拆借；（八）、代理收付款项及代理保险业务；（九）、提供保管箱业务；（十）、经银行业监督管理机构批准的其他业务兼营范围：（依法须经批准的项目，经相关部门批准后方可开展经营活动）",云南,曲靖,"师宗县高良乡设里村"
师宗县农村信用合作联社五龙信用社,915303232173510207,1991-03-06,N/A,张斌城,"N/A","（一）、吸收公众存款；（二）、发放短期、中期和长期贷款；（三）、办理国内结算；（四）、办理票据承兑与贴现；（五）、代理发行、代理兑现、承销政府债券；（六）、买卖政府债券、金融债券；（七）、从事同业拆借；（八）、代理收付款项及代理保险业务；（九）、提供保管箱业务；",云南,曲靖,"云南省曲靖市师宗县五龙乡五龙开发区祥龙街东侧"
国电云南电力有限公司小龙潭分公司,91532502917926518W,1991-03-07,N/A,魏兴文,"N/A","火力发电兼营范围：（依法须经批准的项目，经相关部门批准后方可开展经营活动）",云南,红河,"云南省红河州开远市小龙潭"
云南百合林业有限公司弥渡分公司,91532925918765023R,1991-03-12,N/A,李焕东,"N/A","天然林保护及管护、树林果树的种植及后期管理、绿化工程。",云南,大理,"云南省大理白族自治州弥渡县新街镇海坝庄"
楚雄市八角供销社有限责任公司生资门市部,91532301MA6K530011,1991-03-15,有限责任公司,董招富,"N/A","一般经营项目：化肥、薄膜、不再分装的包装种子、农用机械、日用百货、五金交电、建筑材料销售；农副产品收购、销售；废旧物资收购。",云南,楚雄,"楚雄市八角镇桃园街17号"
楚雄市三街供销合作社有限公司多依树购销店,91532301MA6K5N241R,1991-03-15,有限责任公司,王永福,"N/A","化肥、日用杂品、百货、五金、交电、服装零售；农副产品、废旧物资收购、销售。",云南,楚雄,"云南省楚雄州楚雄市三街镇多依树村委会"
楚雄市三街供销合作社有限公司普嘎购销店,91532301MA6K5N1B2E,1991-03-15,有限责任公司,鲁绍尧,"N/A","化肥、日用杂品、百货、五金、交电、服装零售；农副产品、废旧物资收购、销售。",云南,楚雄,"云南省楚雄州楚雄市三街镇普嘎村委会"
楚雄市八角供销社有限责任公司必达购销点,91532301MA6K52YEX9,1991-03-15,有限责任公司,董招富,"N/A","许可经营项目：预包装食品、散装食品的零售；一般经营项目：化肥、薄膜、不再分装的包装种子、农用机械、日用百货、五金交电、针纺织品、建筑材料的销售；农副产品收购、销售；废旧物资收购。",云南,楚雄,"楚雄市八角镇必达村"
楚雄市八角供销社有限责任公司法古苴购销点,91532301MA6K52YX5E,1991-03-15,N/A,董招富,"N/A","一般经营项目：化肥、薄膜、不再分装的包装种子、农用机械、日用百货、五金交电、针纺织品、建筑材料的销售；农副产品收购、销售；废旧物资收购。",云南,楚雄,"楚雄市八角镇法古苴村"
楚雄市三街供销合作社有限公司黑泥购销店,91532301MA6K5N014L,1991-03-15,有限责任公司,刘兴保,"N/A","化肥、日用杂品、百货、五金、交电、服装零售；农副产品、废旧物资收购、销售。",云南,楚雄,"云南省楚雄州楚雄市三街镇黑泥村委会"
楚雄市八角供销社有限责任公司,91532301217441800A,1991-03-15,有限责任公司,董招富,"100万人民币","农药、预包装食品、散装食品、农畜产品、肉、禽、蛋及水产品、蔬菜、水果、粮油、薄膜、化肥、不再分装的包装种子、农用机械、日用百货、五金交电、针纺织品、建筑材料销售；农副产品收购、销售；废旧物资收购。",云南,楚雄,"云南省楚雄彝族自治州楚雄市八角镇桃园街17号"
楚雄市三街供销合作社有限公司生资门市,91532301MA6K5N137M,1991-03-15,有限责任公司,杨松有,"N/A","化肥、农药",云南,楚雄,"云南省楚雄州楚雄市三街镇三街村委会"
楚雄市三街供销合作社有限公司,915323012174418197,1991-03-15,有限责任公司,谢兆富,"75万人民币","农药(不含杀鼠剂）、副食品零售；汽油、煤油、柴油销售",云南,楚雄,"云南省楚雄州楚雄市三街镇新大街一号"
楚雄市三街供销合作社有限公司大田丫口生资门市,91532301MA6K5N2179,1991-03-15,有限责任公司,李长生,"N/A","化肥、农药(不含杀鼠剂)、日用杂品、五金、交电零售。",云南,楚雄,"云南省楚雄州楚雄市三街镇大田丫口"
昆明市前卫建筑工程有限公司,91530112216725131J,1991-03-20,N/A,太玉侠,"2,000(万元人民币)","房屋建筑工程施工总承包;市政公用工程施工总承包;建筑装修装饰工程专业承包;建筑物的拆除；（依法须经批准的项目，经相关部门批准后方可开展经营活动）",云南,昆明,"云南省昆明市前卫街道办事处官庄社区何家院村108号"
漾濞彝族自治县农村信用合作联社苍山西信用社,91532922218700923F,1991-03-21,N/A,庄德良,"N/A","吸收公众存款；发放短期、中期和长期贷款；办理国内结算；办理票据承兑与贴现；代理发行、代理兑付、承销政府债券；买卖政府债券、金融债券；从事同业拆借；代理收付款项及代理保险业务；提供保管箱服务；经银行业监督管理机构批准的其他业务。",云南,大理,"漾濞县苍山西镇苍山西路"
漾濞彝族自治县农村信用合作联社龙潭信用社,91532922218700878E,1991-03-21,N/A,黄正德,"N/A","吸收公众存款；发放短期、中期和长期贷款；办理国内结算；办理票据承兑与贴现；代理发行、代理兑付、承销政府债券；买卖政府债券、金融债券；从事同业拆借；代理收付款项及代理保险业务；提供保管箱服务；经银行业监督管理机构批准的其他业务。",云南,大理,"云南省漾濞县龙潭乡(龙潭街)"
云南建投第一水利水电建设有限公司工程机械修理厂,91530000916521586R,1991-03-23,有限责任公司 国有企业,江智辉,"N/A","壹类汽车维修企业",云南,昆明,"云南省昆明市东郊路78号"
云南省种畜场劳动服务公司二门市,91530100MA6N4DDY73,1991-03-25,N/A,杨华,"N/A","针纺织品、日用百货、日用橡胶制品、家具电器、日用塑料制品、钟表、文具用品、日用玻璃器皿、皮革制品、服装鞋帽、玩具、手工工具、日用杂品、生活用纸、自行车、建筑用小五金制品(经营范围中涉及法律、行政法规规定的专项审批,按审批的项目和时限开展经营活动) 兼营范围:",云南,昆明,"小哨省种畜场"
云南省种畜场劳动服务公司一门市,91530100MA6N4DG163,1991-03-25,N/A,张培芬,"N/A","建筑五金、五金工具、家用电器、日用塑料制品、日用橡胶制品(经营范围中涉及法律、行政法规规定的专项审批,按审批的项目和时限开展经营活动) 兼营范围:",云南,昆明,"云南省昆明市大板桥镇小哨场"
云南电力物资有限责任公司,91530000713412494J,1991-03-26,N/A,聂俊华,"8,000(万元人民币)","电站、变电站、输变电成套设备材料，电器机械及器材、电工器材，工矿及农机配件，金属材料（不含金银）建筑及装饰材料，化工原料及产品（不含管理产品），机电产品（含国产汽车，不含小轿车）五金交电，仪器仪表，运输承包甲级；输变电工程设备监理，大型物件运输，高低压成套电气设备（含配电柜）组装及销售，通信设备（不含地面广播），电力安全用具（含安全帽组装），电力技术开发及咨询服务，国际货运代理，劳动防护用品，消防器材，文化用品，办公用品",云南,昆明,"昆明经济技术开发区春漫大道2号"
中国能源建设集团云南火电建设有限公司机电工程分公司,91530000916521826L,1991-03-26,N/A,马克东,"N/A","汽车货运，土石方工程施工。兼营范围：汽车和施工机械的维修。",云南,昆明,"云南省昆明市东郊凉亭"
华坪县大兴供销合作社农资经营部,91530723MA6KM25P87,1991-03-27,集体经营单位(非法人),关仁贵,"N/A","化肥、农药、农膜零售。",云南,丽江,"云南省丽江市华坪县兴泉镇兴泉村"
景谷傣族彝族自治县永平商业公司加油站,915308247343144207,1991-03-28,N/A,付美琴,"N/A","汽油、柴油、各种润滑机油。",云南,普洱,"云南省普洱市景谷县永平镇田心"
昆明亚桑克经贸有限公司,91530112216685491M,1991-03-28,N/A,常红,"116(万)","国内贸易、物资供销；中高速吸丝带的生产。",云南,昆明,"昆明市西山区环城西路328号(壹米阳光)A幢5层512号"
师宗县竹基供销社,915303232173502473,1991-03-29,集体所有制,汪建良,"140万人民币","农药、化肥、农用薄膜兼营范围：（依法须经批准的项目，经相关部门批准后方可开展经营活动）",云南,曲靖,"云南省曲靖市师宗县竹基镇竹基村"
师宗县竹基供销社龙甸生产资料门市部,91530323MA6MXKWC4B,1991-03-29,集体分支机构(非法人),汪建良,"N/A","农药、化肥、农用薄膜＊兼营范围：（经营范围中涉及专项审批按许可证经营）*",云南,曲靖,"云南省曲靖市师宗县竹基乡龙甸村"
师宗县竹基供销社西舍古购销店,91530323917350483M,1991-03-29,集体分支机构(非法人),汪建良,"4万人民币","化肥零售＊兼营范围：(经营范围中涉及专项审批的按许可证经营）*",云南,曲靖,"云南省曲靖市师宗县竹基乡西舍古村"
临沧鹏达物流运输有限责任公司,915309002194807076,1991-03-30,N/A,周华忠,"68(万元人民币)","联系办理铁路、公路货物运输（依法须经批准的项目，经相关部门批准后方可开展经营活动）",云南,临沧,"临沧市临翔区洪桥路1号"
临沧市晶莹机械有限责任公司,91530902770458843G,1991-04-02,N/A,申建勇,"400(万元人民币)","制糖机械、制茶机械、压力容器、压力管道、水工金属结构产品和环保工程设计、制造、安装、机电设备、电子、电器及仪表安装、锅炉安装、工矿工程、食品加工工程、建筑金属结构工程制造、安装、工矿配件加工、修理；机电教学实习、社会实用人才培训；机电设备、电力、电工及电器材料、钢材、有色金属、建材、化工产品零售；机械设备、自有土地、自有厂房租赁（依法须经批准的项目，经相关部门批准后方可开展经营活动）",云南,临沧,"云南省临沧市临翔区南天路1629号"
曲靖市烟草公司师宗分公司,91530323217350108C,1991-04-03,N/A,袁国庆,"N/A","烟草制品经营,烟叶生产经营,烟用农用物资经营,资产经营。 兼营范围:(依法须经批准的项目,经相关部门批准后方可开展经营活动)",云南,曲靖,"云南省曲靖市师宗县丹凤街道通源大街"
宣威市板桥供销合作社,91530381217292235N,1991-04-04,集体所有制,叶历,"106万人民币","百货.针纺织品.五金交电.化工(不含化工原料).日用杂品.农业生产资料兼营范围：收购废旧物资.农副产品(不含烟叶)",云南,曲靖,"云南省曲靖市宣威市板桥镇"
中国农业银行股份有限公司兰坪白族普米族自治县支行,9153332521938052XU,1991-04-05,N/A,和红山,"N/A","中国银行业监督管理委员会依照有关法律、行政法规和其他规定批准的业务，经营范围以批准文件所列的为准)，经中国保监会核准的财产险和人身险(航意险除外)。",云南,怒江,"云南省怒江州兰坪县城沧江路44号"
昆明新知集团有限公司,915301002166088084,1991-04-05,N/A,李勇,"3,019.9000(万元人民币)","国内版图书、报纸、期刊、音像制品及电子出版物批发、零售、网络发行；计算机软硬件、办公设备、办公家具、文化用品、办公用品、体育用品、幼教用品、床上用品、家用电器、教学仪器、乐器、通讯器材、照相器材、摄影器材、五金交电、玩具、工艺美术品的销售；商品展览、展示活动；会务服务；货物进出口、技术进出口业务；摄影、摄像服务；图文制作；房屋租赁；企业管理；市场营销、策划、推广；商务服务；教育信息咨询；数字化教学资源与平台研发、推广及销售；仓储；小型儿童游乐园（依法须经批准的项目，经相关部门批准后方可开展经营活动）",云南,昆明,"昆明市人民西路380号熙城大厦六楼"
宣威市乐丰供销合作社,91530381217293799W,1991-04-06,集体所有制,蔡定宗,"116万人民币","百货.针纺织品.五金交电.化工(不含化工原料).农业生产资料.日用杂品兼营范围：收购废旧物资.农副产品(不含烟叶).",云南,曲靖,"云南省曲靖市宣威市乐丰乡田坝村"
昆明九甲商贸有限公司,91530103216680770C,1991-04-08,N/A,陈畅,"74.6300(万元人民币)","预包装食品、农副土特产品、茶叶、工艺美术品的销售；房屋租赁（依法须经批准的项目，经相关部门批准后方可开展经营活动）",云南,昆明,"云南省昆明市盘龙区白龙路85号"
绿春县建筑工程公司,915325312181305455,1991-04-08,N/A,杨永吉,"1,000(万元人民币)","房屋建筑工程施工总承包叁级：可承担单项建安合同额不超过企业注册资本金5倍的下列房屋建筑工程的施工：（1）14层及以下、单跨跨度24米及以下的房屋建筑工程；（2）高度70米及以下的构筑物；（3）建筑面积6万平方米及以下的住宅小区或建筑群体；（4）商品混凝土预拌销售；轻集料混凝土墙板的制造、销售；",云南,红河,"云南省红河州绿春县日月楼大酒店(绿江路15号"
师宗县五龙供销社,91530323217350327N,1991-04-08,集体所有制,昝增林,"83.73万人民币","化肥、农药、农膜的零售。",云南,曲靖,"云南省曲靖市师宗县五龙乡狗街村"
师宗县五龙供销社庄稼医院,91530323MA6K9HW64N,1991-04-08,集体分支机构(非法人),昝增林,"N/A","农药、农膜、铁农具零售。",云南,曲靖,"云南省曲靖市师宗县五龙乡狗街村"
师宗县五龙供销社曲祖购销店,91530323MA6K9HW13E,1991-04-08,集体分支机构(非法人),张桂菊,"N/A","化肥、农药、农膜零售。",云南,曲靖,"云南省曲靖市师宗县五龙乡曲祖村"
师宗县五龙供销社脚家箐购销店,91530323MA6K9HWR6G,1991-04-08,集体分支机构(非法人),伏荣先,"N/A","化肥、农药、农膜零售。",云南,曲靖,"云南省曲靖市师宗县五龙乡脚家箐村"
师宗县五龙供销社大厂购销店,91530323MA6K9HX01W,1991-04-08,集体分支机构(非法人),周晓光,"N/A","化肥、农药、农膜的零售。",云南,曲靖,"云南省曲靖市师宗县五龙乡大厂村"
云南科技电力实业总公司,91530000216522246C,1991-04-09,N/A,刘道莲,"530(万元人民币)","电力技术研究、技术开发，技术协作，技术转让，技术咨询，技术培训。兼营范围：科技成果及新产品贸易，房屋租赁。",云南,昆明,"云南省昆明市明通路20号"
昆明东站商业有限公司车队,91530111916703283N,1991-04-10,N/A,杨建国,"N/A","机动车停放及洗车服务",云南,昆明,"云南省昆明市东风东路149号"
云南新储物流有限公司,9153000021652222XH,1991-04-10,N/A,徐茂贤,"30,000(万元人民币)","物资中转运输、仓储配送、保管；预包装食品的批发、包括批发、零售、普通货运、配送；提供有关物流的技术服务、培训和信息服务；开展物流有关的其他业务；对食糖物流交易市场的综合管理；粮油制品及销售",云南,昆明,"云南省昆明市凉亭路156号"
云南地矿工贸公司,91530000787354784L,1991-04-10,N/A,辛勇,"1,058.0800(万)","矿产品贸易；土特产品，工艺美术品，建筑材料，钢材，代销系统内企业生产产品，装饰装修服务。兼营范围：",云南,昆明,"云南省昆明市吴井路601号"
武定县食品公司城区生猪定点屠宰厂,91532329MA6L572C44,1991-04-10,N/A,杨学翰,"N/A","生猪屠宰加工；猪、牛、羊、兔及制品。禽蛋制品、水产品。",云南,楚雄,"云南省楚雄州武定县城镇中路110号"
云南地矿工贸公司工会委员会,815301116908512070,1991-04-10,N/A,辛勇,"1,058.0800(万)","矿产品贸易；土特产品，工艺美术品，建筑材料，钢材，代销系统内企业生产产品，装饰装修服务。兼营范围：",云南,昆明,"昆明市吴井路601号"
昆明新华书店连锁有限公司五华分公司,91530100916603020B,1991-04-11,N/A,马应,"N/A","国内版书刊销售；图书、图片、期刊、画册、日历、杂志、大中专、中小学教材、课本零售；音像制品、文化用品、体育用品、电子产品、家用电器、钟表眼镜、计算机及配件、普通机械及配件、通信设备、照相器材、珠宝首饰、工艺美术品、百货、教学设备、乐器、服装、道具、安防设备、家具、自行车、五金、定型包装食品、茶叶的销售；商品展览展示；教育信息咨询；计算机软件硬件的应用及培训；计算机软件开发、技术咨询、技术服务；组织文化艺术交流活动；音响设备、会议系统、舞台灯光的设计、安装及调试；茶饮服务；餐饮服务；入境旅游业务；出境旅游业务；国内旅游业务；会议会展；机票、车船票代理；客房代订；经济信息咨询；酒店管理（依法须经批准的项目，经相关部门批准后方可开展经营活动）",云南,昆明,"昆明市南屏街56号"
云南汽车修理一厂有限公司,9153010021652265XG,1991-04-11,N/A,李应成,"2,200(万元人民币)","汽车修理；汽车改装、挂车制造；国产汽车（不含小轿车）、汽车零部件的销售；汽车货箱、专用车箱、集装箱、油罐、低压容器的制造及销售；停车场；自有场地租赁（依法须经批准的项目，经相关部门批准后方可开展经营活动）",云南,昆明,"昆明市西山区董家村"
云南电网有限责任公司建设分公司工会委员会,81530111560064467Q,1991-04-11,N/A,颜涛,"N/A","电力工程、电力通讯工程、建筑、安装、承包。",云南,昆明,"昆明市官渡区拓东路49号"
腾冲市食品公司,91530522218991038H,1991-04-12,N/A,彭敬武,"70.3000(万元人民币)","猪、牛、羊、家禽屠宰加工、批发(加工过的畜禽)。兼营范围：",云南,保山,"云南省保山市腾冲市腾越镇天成社区银河小区125号"
云南耀兴建筑工程有限公司,915301112167256689,1991-04-13,N/A,张青平,"10,000(万元人民币)","房屋建筑施工总承包壹级；市政公用工程施工总承包贰级",云南,昆明,"昆明市官渡区日新社区苏凤村"
中国工商银行股份有限公司昆明梁源支行,915301127194438146,1991-04-13,N/A,赵波,"N/A","金融服务",云南,昆明,"云南省昆明市西山区昆州路82-84号"
云南省玉溪百货大厦有限责任公司,91530402217660210H,1991-04-14,N/A,孙玲,"800(万元人民币)","百货、文具用品、化妆品及卫生用品、针纺织品、服装、眼镜、鞋帽、五金、交电、家用电器、首饰的批发、零售；停车服务。",云南,玉溪,"云南省玉溪市红塔区南北大街41号"
玉溪市大路供销有限公司,91530402217674532F,1991-04-15,N/A,李金龙,"600(万元人民币)","建筑五金、水暖器材、五金工具、油漆、涂料、粘合剂、交电、建筑材料、矿产品、润滑油、日用百货、消防设备、仪器仪表、针纺织品、服装、鞋帽、橡胶制品、包装材料、钢结构、医疗器械、农药",云南,玉溪,"云南省玉溪市红塔区太极路123号(办公楼)1幢1-4层"
昆明公路管理总段公路机械工程公司经营部,91530112713433041M,1991-04-17,N/A,李双福,"N/A","工程机械及配件、汽车配件、机电产品、建筑材料、五金工具、日用百货的销售；工程机械出租服务。兼营范围：",云南,昆明,"云南省昆明市西山区观音寺32号"
中国工商银行股份有限公司泸西九华路支行,91532527918056032D,1991-04-19,N/A,林红,"N/A","吸收公众存款、发放人民币短期、中期和长期贷款、办理人民币结算、办理票据贴现及经中国人民银行批准的其他业务（依法须经批准的项目，经相关部门批准后方可开展经营活动）",云南,红河,"云南省红河州泸西县中枢镇九华路泰阁商业文化中心"
昆明群星投资有限公司,91530112670870902R,1991-04-20,N/A,樊献俄,"5,072.9600(万元人民币)","项目投资及对所投资项目进行管理（依法须经批准的项目，经相关部门批准后方可开展经营活动）",云南,昆明,"云南省昆明市新闻路下段五家堆(昆明龙津药业有限公司内）"
大姚供电有限公司,915323262175614906,1991-04-21,N/A,朱文华,"2,810.2700(万元人民币)","在核定的供电营业区域内行使电力销售业务；经营向省电网的趸购电和地方独立小水电的上网购电业务；与电力供应有关的供电服务；水力发电；电工仪器仪表校验以及电力物资销售。",云南,楚雄,"云南省楚雄州大姚县金碧镇白塔路59号"
云南省烟草公司玉溪市公司,91530400217660501P,1991-04-23,N/A,田泽华,"25269万人民币","烟草制品经营;烟叶生产、经营;烟用农用物资经营;资产经营;化肥销售。以下限分支机构经营:货物运输、配送及包装服务;仓储服务;货运代理;物流信息咨询服务;房屋租赁。(依法须经批准的项目,经相关部门批准后方可开展经营活动)",云南,玉溪,"云南省玉溪市红塔区凤凰路102号"
红河州烟草公司开远分公司,9153250221792233X8,1991-04-25,N/A,汤文,"N/A","卷烟、雪茄烟。兼营范围：烟叶、日用化学制品、家用电器",云南,红河,"云南省红河州开远市环雅路"
中国建设银行股份有限公司昆明梁源支行,915301007414663424,1991-04-25,N/A,李洁,"N/A","金融服务(按《金融许可证》核定的范围及时限开展经营活动);保险兼业代理(按《保险兼业代理业务许可证》核定的范围及时限开展经营活动)(依法须经批准的项目,经相关部门批准后方可开展经营活动)",云南,昆明,"云南省昆明市昆州路151号"
临沧市临翔区建筑建材公司,91530902219500456Q,1991-04-26,N/A,罗新祥,"2,260(万元人民币)","房屋建筑工程施工总承包贰级、土石方工程专业承包贰级、建筑装修装饰工程专业承包贰级、水利水电工程施工总承包叁级、市政公用工程总承包叁级、钢结构工程专业承包叁级、广告策划、制作、发布、水电装饰工程兼营范围：建筑五金、钢钉、生铁、橡胶、轮胎、公路运输、日用百货、酒、糖、红砖（生产、加工）、金属门窗制造（依法须经批准的项目，经相关部门批准后方可开展经营活动）",云南,临沧,"云南省临沧市临翔区西门33号"
临沧市临翔区客货运输商贸有限责任公司,915309027134997613,1991-04-26,N/A,刘应武,"356.8000(万元人民币)","公路汽车货运、客运、出租车、高级维护、乙级修理、旅社、饮食、烟、酒、打字复印、塑封、汽车租赁；代客户办理车辆保险、房屋租赁、货运代理、货运配载、仓储理货、搬运装卸、货运信息、汽车信息咨询服务。",云南,临沧,"云南省临沧市临翔区南天路174号"
昆明公路管理段油路工程公司,915301112167553731,1991-04-26,N/A,陈晖,"500(万)","公路路面工程专业承包三级兼营范围：",云南,昆明,"昆明市东郊路155号"
中国农业银行股份有限公司昆明武成支行,915301007312279704,1991-04-27,N/A,马荣莉,"N/A","金融服务（按《金融许可证》核定的范围和时限开展经营活动）",云南,昆明,"云南省昆明市五一路177号福华花园商铺3-4号"
楚雄市振翼实业有限公司,91532301217441915G,1991-04-27,N/A,朱涛,"238(万元人民币)","服装、劳保用品、其他缝纫制品、民族工艺品、电动",云南,楚雄,"楚雄市鹿城南路149号"
洱源县第二建筑建材有限责任公司,91532930763866101W,1991-04-29,N/A,闻永灿,"4,003(万元人民币)","房屋建筑工程，市政工程建筑，装修装饰工程建筑，水利水电工程建筑，公路工程建筑，钢结构工程建筑，机电工程建筑，绿化、灯光、环保工程建筑，水电、管道安装。",云南,大理,"云南省大理州洱源县茈碧湖镇文碧路海源大酒店四楼"
云南省师宗县供销社贸易中心,915303232173502398,1991-04-29,集体所有制,朱双云,"264万人民币","百货、针纺织品、五金、交电、建筑建材兼营范围：农机配件、农副产品经营和经纪业务（依法须经批准的项目，经相关部门批准后方可开展经营活动）",云南,曲靖,"云南省曲靖市师宗县漾月街道漾月路"
中国农业银行股份有限公司昆明拓东支行,91530100713411002A,1991-04-30,N/A,杜少明,"N/A","办理人民币存款、贷款、结算业务；办理票据贴现；代理发行金融债券；代理兑付、销售政府债券、买卖政府债券，代理收付款项，经总行在中国人民银行批准的业务范围内授权的业务。",云南,昆明,"昆明市白塔路131号汇都国际B座1楼、11楼"
楚雄市苍岭供销社有限公司智明经营部,91532301792856519N,1991-05-02,有限责任公司,杨春德,"N/A","农药、农膜、小农具、农作物种子",云南,楚雄,"云南省楚雄彝族自治州楚雄市苍岭镇智明村委会"
楚雄市新村供销社有限责任公司,915323012174417634,1991-05-02,有限责任公司,徐先洪,"51.6万人民币","日用杂品、百货、五金、交电、针纺织品、农业机械配件的销售；农产品收购及销售。",云南,楚雄,"云南省楚雄彝族自治州楚雄市新村镇巨龙街42号"
楚雄市新村供销社有限责任公司咪么农资购销店,91532301MA6K5TPW3W,1991-05-02,有限责任公司,王新国,"N/A","化肥零售。",云南,楚雄,"云南省楚雄彝族自治州楚雄市新村乡咪么"
楚雄市苍岭供销社有限公司新街门市部,91532301792856391T,1991-05-02,有限责任公司,杨春德,"N/A","农药、化肥、农膜、小农具、农作物种子",云南,楚雄,"楚雄市苍岭镇饱满街"
镇沅彝族哈尼族拉祜族自治县三章田供销合作社,915308257098925364,1991-05-02,集体所有制,雷启万,"45万人民币","化肥农药、农膜、日用百货、日用杂货、五金交电、化工、食品饮料、棉麻纺织品、服装鞋帽、文化体育用品、日用化学品、土畜产品、烟。兼营范围：烟花爆竹、中成药。",云南,普洱,"云南省普洱市镇沅彝族哈尼族拉祜族自治县者东镇三章田街-"
楚雄市苍岭供销社有限公司,91532301217441851J,1991-05-02,有限责任公司,杨春德,"33.5万人民币","农药、化肥、农膜、中小农具、农作物种子（仅限包装种子）、建筑材料零售；农产品销售；房屋租赁；普通货物道路运输",云南,楚雄,"云南省楚雄州楚雄市苍岭镇饱满街10号"
楚雄市苍岭供销社有限公司西木滩经营部,915323017928564986,1991-05-02,有限责任公司,杨春德,"N/A","农药、化肥、农膜、小农具、农作物种子",云南,楚雄,"楚雄市永安镇西木滩"
楚雄市新村供销社有限责任公司农资一门市部,91532301MA6K5TQC6B,1991-05-02,有限责任公司,徐先洪,"N/A","化肥零售。",云南,楚雄,"云南省楚雄彝族自治州楚雄市新村乡红星树"
楚雄市苍岭供销社有限公司石涧经营部,915323017928565437,1991-05-02,有限责任公司,杨春德,"N/A","农药、农膜、小农具、农作物种子",云南,楚雄,"云南省楚雄彝族自治州楚雄市苍岭镇石涧村委会"
楚雄市苍岭供销社有限公司竹园经营部,91532301792856527H,1991-05-02,有限责任公司,杨春德,"N/A","农药、农膜、小农具、农作物种子",云南,楚雄,"云南省楚雄彝族自治州楚雄市苍岭镇竹园村委会"
中国农业银行股份有限公司永仁永定分理处,91532327G85457523E,1991-05-02,N/A,高丽萍,"N/A","存款、贷款、个人储蓄、现金结算与转帐结算；人身险、经中国保监会核准的财产险。",云南,楚雄,"云南省楚雄州永仁县永定镇永兴路海烨花园小区一楼"
楚雄市苍岭供销社有限公司腰站经营部,91532301792856500R,1991-05-02,有限责任公司,杨春德,"N/A","农药、化肥、农膜、小农具、农作物种子",云南,楚雄,"楚雄市苍岭镇腰站街"
峨山县亚尼综合木材加工厂,915304262178107683,1991-05-03,个人独资企业,谭秀才,"N/A","木材加工、木制品、木家具生产销售。",云南,玉溪,"峨山县塔甸镇亚尼统邑"
昆明呈贡飞达科技发展有限公司,915301007097356451,1991-05-04,N/A,张德安,"1,327(万)","建筑材料、塑料制品、干电池及配件、金属门窗及栅栏销售；不锈钢型材、管材轧制销售；太阳能热水器安装、维修、销售。",云南,昆明,"呈贡县七甸大哨（呈贡县工业园区内）"
云南省澄江广龙实业有限公司,91530422709813279R,1991-05-05,N/A,任芳,"395(万元人民币)","塑料、金属包装容器制造、销售；建筑材料及磷矿石销售；市政管道销售。",云南,玉溪,"云南省玉溪市澄江县龙街街道办事处龙王庙大河头"
昆明公路管理总段公路工程总公司,91530112713434431J,1991-05-07,N/A,李双福,"141(万元人民币)","道路工程机械及配件、汽车配件的批兼零兼营范围：",云南,昆明,"云南省昆明市西山区麻园10号"
中国建设银行股份有限公司昆明景江花园支行,91530100713436920W,1991-05-07,N/A,张丽群,"N/A","金融服务(按《金融许可证》核定的范围和时限开展经营活动);代理保险业务;经中国人民银行、中国银行业监督管理机构等监管部门批准的其他业务(依法须经批准的项目,经相关部门批准后方可开展经营活动)",云南,昆明,"云南省昆明市盘龙区金色大道1号"
云南省一九八队五七配件厂,91530100709727952G,1991-05-10,N/A,贾英俊,"50(万元人民币)","矿车三环链、连接插销、加工、维修、国内贸易、物资供销兼营范围：（依法须经批准的项目，经相关部门批准后方可开展经营活动）",云南,昆明,"云南省昆明经开区阿拉街道办事处小石坝198队"
丽江市古城区金山农工商联营建筑总公司,915307022192104320,1991-05-11,N/A,杨正文,"823(万元人民币)","可承担单项建安合同额不超过企业注册资本金5倍的下列房屋建筑工程的施工；可承担单项合同额不超过企业注册资本金5倍的下列工程的施工：库容1000万立米、装机容量10MW及以下水利水电工程及辅助生产设施的建筑、安装和基础工程施工。兼营范围：",云南,丽江,"云南省丽江市古城区文智瓦窑村"
楚雄州进出口有限公司,915323002174308023,1991-05-14,N/A,刘文芳,"318(万元人民币)","自营和代理各类商品及技术的进出口业务（不另附进出口商品目录），国家规定的专营进出口商品和国家禁止进出口等特殊商品除外，经营进料加工和“三来一补”业务，开展对销贸易和转口贸易，纺织品、轻工产品、电子产品、工艺品（不含金、银首饰）、土畜产品、五金矿产品、机器、仪器仪表、机械设备、有色金属、包装、百货、五金交电、化工产品（不含危险品）的收购、调拨、加工、批发及零售；瓶",云南,楚雄,"云南省楚雄彝族自治州楚雄市丰胜路8号"
中国农业银行股份有限公司永仁县支行,91532327709889695K,1991-05-16,N/A,曹彩章,"N/A","金融业务，保险代理业务。",云南,楚雄,"云南省楚雄彝族自治州永仁县永定镇建设路18号"
腾冲市供销合作社城关基社,915305222189912304,1991-05-17,集体所有制,陆兴,"29.5万人民币","百货、针纺织品、五金交电、农副产品、农业生产资料。兼营范围：废旧物资回收。",云南,保山,"云南省保山市腾冲市腾越镇五街南门街56号"
云南旅游汽车有限公司,91530000216523310K,1991-05-17,N/A,陈钧,"25,920.3000(万元人民币)","旅游客运，汽车零配件，开展车辆对外服务，市际班车客运，县内包车客运，县际包车客运，市际包车客运，省际包车客运，国际不定期班车客运，客运站经营，普通货运，停车场经营，货运代办，信息配载，仓储服务，汽车租赁，一类汽车维修",云南,昆明,"云南省昆明市官渡区官南路新南站"
中国工商银行股份有限公司呈贡支行,91530121216781379D,1991-05-17,N/A,李利忠,"N/A","按《金融许可证》核定的范围和时限开展经营活动。",云南,昆明,"云南省昆明市呈贡区双龙路"
腾冲市供销合作社荷花基社,915305222189912491,1991-05-18,集体所有制,寸建普,"82万人民币","日用百货、针纺织品、服装、鞋帽、日用杂品、五金、交电、化工",云南,保山,"云南省保山市腾冲县荷花乡肖庄街"
腾冲市供销合作社荷花基社生资门市部,91530522MA6KQGA3XK,1991-05-18,集体分支机构(非法人),寸建普,"N/A","化肥、农膜、农具、农器械、民用建材、日用杂品零售。兼营范围：农业技术咨询服务。",云南,保山,"云南省保山市腾冲县荷花镇肖庄街"
中国工商银行股份有限公司安宁柳树花园支行,915301817785727714,1991-05-18,N/A,刘晓国,"N/A","按《金融许可证》核定的范围和时限开展经营活动。",云南,昆明,"云南省昆明市安宁市嵩华路柳树花园小区商铺45-47号"
中国工商银行股份有限公司安宁支行,915301812168228126,1991-05-18,N/A,文正,"N/A","按《金融许可证》核定的范围和时限开展经营活动（依法须经批准的项目，经相关部门批准后方可开展经营活动）",云南,昆明,"云南省昆明市安宁市城区连然镇中华路1号"
中国工商银行股份有限公司昆明北教场支行,91530100778572827W,1991-05-18,N/A,段雨含,"N/A","按《金融许可证》核定的范围和时限开展经营活动。",云南,昆明,"云南省昆明市教场东路西侧教益路68号"
昆明六福顺工贸有限责任公司,91530100216781387T,1991-05-18,N/A,王有胜,"100(万元人民币)","铸铁件；聚碳酸酯塑料瓶、纸箱制造、销售；园林绿化工程的设计与施工；房屋租赁；国内贸易；物流运输。",云南,昆明,"呈贡县七甸乡七甸村"
安宁磷业机械工程有限责任公司,915301812168228201,1991-05-18,N/A,刘位江,"447(万元人民币)","磷矿、铁矿、硅矿、锰铁矿的销售；工程机械施工（依法须经批准的项目，经相关部门批准后方可开展经营活动）",云南,昆明,"安宁金方路4幢"
云南昆明交通运输集团有限公司昆西机动车驾驶培训学校,915300007482637325,1991-05-20,N/A,于钦军,"N/A","培训汽车驾驶员服务。",云南,昆明,"云南省昆明市五华区西站向阳新村"
华坪县中心供销合作社,91530723219260288G,1991-05-20,集体所有制,张金荣,"85万人民币","日用杂品、农药、化肥、农膜、纺织品、服装和鞋帽、日用百货、五金、交电、化工、土产品、林产品、非食用油料、摩托车及零配件零售；铁竹木农具购销；废旧物资回收、国家计划外中药材收购。集贸市场摊位租赁服务。",云南,丽江,"云南省丽江市华坪县中心镇竹屏社区北街"
玉溪矿业有限公司,91530400217790744A,1991-05-20,N/A,董家平,"245,084.2326(万元人民币)","矿产资源采、选、冶及产品销售，矿业开发项目管理，矿山工程项目承建，矿山生产经营综合管理，矿业科技开发，技术咨询服务，金属材料、汽车配件、机械设备、化工产品",云南,玉溪,"云南省玉溪市红塔区珊瑚路84号"
东风汽车公司昆明技术服务中心,915300007097070464,1991-05-20,N/A,王敏,"293(万元人民币)","国产汽车",云南,昆明,"云南省昆明市王家营33号经开区信息产业基地秋景路中段"
腾冲市供销合作社上营基社,91530522218991265N,1991-05-22,集体所有制,杨晓刚,"65.9万人民币","日用百货、纺织品、服装、鞋帽、日用杂品、五金、交电、其它食品、副食品、饮料、烟、酒。兼营范围：化肥、农药、农膜、农具、农器械、农机配件、建筑材料、钢材、煤油、柴油、润滑油零售；农副产品购销；废旧物资回收。",云南,保山,"云南省保山市腾冲市上营乡上营街子"
腾冲市供销合作社上营基社综合经营部,91530522MA6K89BF73,1991-05-22,集体分支机构(非法人),杨晓刚,"N/A","化肥、农膜、农具、钢材、日用百货零售。",云南,保山,"云南省保山市腾冲市上营乡上营街"
昆明市磷弘实业开发公司,915301122167660805,1991-05-22,N/A,刘忠仁,"60(万元人民币)","日用百货、文化用品、针纺织品的销售。兼营范围：",云南,昆明,"云南省昆明市西山区海口白塔村"
中国农业银行股份有限公司南华县支行,91532324709889708X,1991-05-22,N/A,叶李才,"N/A","许可该机构经营中国银行业监督管理委员会依照有关法律、行政法规和其他规定批准的业务，经营范围以批准文件所列为准；经中国保监会核准的财产险和人身险(航意险除外)。",云南,楚雄,"云南省楚雄彝族自治州南华县龙川镇龙泉东路28号"
昆明安宁顺达工程公司,915301817097593480,1991-05-24,N/A,张利荣,"26(万元人民币)","公路工程建筑，给排水工程；车辆及机械租赁业务；沥青拌合料加工业务、沥青加温业务；普通货物运输。兼营范围：",云南,昆明,"安宁市连然镇新大桥(北门"
富源县古敢供销合作社,91530325217312275C,1991-05-26,集体所有制,刘家能,"52万人民币","日用百货、针纺织品、文化用品、日用杂品、五金交电、化肥、农用物资、农副产品（依法须经批准的项目，经相关部门批准后方可开展经营活动）",云南,曲靖,"云南省曲靖市富源县古敢乡古敢村"
云南路建集团宏博路桥工程有限公司,9153000021652361XE,1991-05-27,N/A,马礼贤,"3,000(万)","公路、桥梁、隧道工程施工、市政、土建、水利水电工程、金属构件加工、工程机械租赁、维修、汽车零配件、五金交电、商品批发零售等第三产业。(以上范围涉及国家专项审批的，凭有效的《许可证》《资质证》开展生产经营）",云南,昆明,"云南省昆明市北郊穿金路735号"
腾冲县供销合作社芒棒购销专业合作社城子门购销店,91530522MA6KYH9K96,1991-05-27,集体分支机构(非法人),杨晓刚,"N/A","日用杂品、日用百货、五金、交电、工艺美术品。兼营范围：化肥、农药、农膜零售。",云南,保山,"云南省保山市腾冲市芒棒镇城子门"
云南省石龙坝发电厂劳动服务公司,91530112216755832L,1991-05-28,N/A,王国庆,"101(万元人民币)","供电、水利发电设备修理安装、配电设备修理安装、电动机维修、电气试验调试、水力发电技术咨询；园林绿化工程（按资质证核定的范围和时限开展经营活动）兼营范围：",云南,昆明,"云南省昆明市西山区海口石龙坝"
中国汽车运输昆明公司,915300002165235213,1991-05-31,N/A,尹继宏,"1,347.3000(万元人民币)","汽车货物运输。＊兼营范围：驻厂装卸。＊",云南,昆明,"云南省昆明市东郊大石坝"
腾冲县供销合作社新华基社生资门市,91530522MA6K6MFC2E,1991-05-31,集体分支机构(非法人),董保友,"N/A","农药、化肥、农器械、五金、交电、化工、农具零售；凭委托书销售不再分装的袋装农作物种子。",云南,保山,"云南省保山市腾冲县新华乡新华街"
腾冲县供销合作社新华基社,91530522218991329L,1991-05-31,集体所有制,董保友,"84.64万人民币","日用百货、纺织品、服装、鞋帽、日用杂品、五金、交电、建筑材料、农药、化肥、农膜零售；农副产品购销；凭委托书销售不再分装的袋装农作物种子。",云南,保山,"云南省保山市腾冲县新华乡新华街"
中国农业银行股份有限公司绥江县支行,9153062621712176XB,1991-06-01,N/A,陈祖岗,"N/A","经营中国银行业监督管理委员会依照有关法律、行政法规和其他规定批准的业务，经营范围以批准文件所列为准。代理经中国保监会核准的财产险、人身险",云南,昭通,"云南省昭通市绥江县中城镇兴汶路11号"
宣威市格宜供销合作社,91530381217294046X,1991-06-03,集体所有制,何家华,"90.9万人民币","百货.针纺织品.五金.化工(不含化工原料).农业生产资料.日用杂品.兼营范围：收购废旧物资.农副产品(不含烟叶).",云南,曲靖,"云南省曲靖市宣威市格宜镇启文办事处"
普洱新华书店有限公司墨江分公司门市部,91530822MA6K5QNQ33,1991-06-03,N/A,竺福彦,"N/A","图书、报刊、音像制品、电子出版物、教学设备、文化体育用品及器材的销售、出租；家用电器、五金工具制品、太阳能设备、家具、室内装饰材料、纺织、服装、玩具、日用百货、花卉、苗木的批发及零售；计算机软硬件开发及销售；邮购及电子商务服务；充值卡续费服务；餐饮服务；房屋租赁；净水设备销售。",云南,普洱,"云南省普洱市墨江县太阳城4栋二楼"
普洱新华书店有限公司墨江分公司通关门市部,915308229184145149,1991-06-03,N/A,高鹏程,"N/A","图书、报刊、音像制品、电子出版物、教学设备、文化体育用品及器材的销售、出租；家用电器、五金工具制品、太阳能设备、家具、室内装饰材料、纺织、服装、玩具、日用百货、花卉、苗木的批发及零售；计算机软硬件开发及销售；邮购及电子商务服务；充值卡续费服务；餐饮服务；房屋租赁；净水设备销售。",云南,普洱,"墨江县通关镇"
大理市钟表电器修配厂,915329012186637717,1991-06-04,集体所有制,姚广铨,"73.7万人民币","修理钟表、电器、电机、眼镜、日用百货、服装、五金、交电零售。兼营范围：",云南,大理,"云南省大理白族自治州大理市下关关平路45号"
宣威市电影发行放映公司,91530381431769583L,1991-06-04,N/A,唐为民,"168万元人民币","电影.录像 兼营范围:影视设备.器材供应及修理广告制作、发布。(依法须经批准的项目,经相关部门批准后方可开展经营活动)",云南,曲靖,"云南省曲靖市宣威市双龙街道文化路29号"
云南省绥江县水泥制品厂,915306262171217866,1991-06-05,个人独资企业,计显涛,"N/A","水泥电杆、等径电杆、组装锥型电杆、高光速成强力瓦生产销售；预应力空心板及各种构件生产、销售",云南,昭通,"云南省昭通市绥江县新滩新滩镇石溪五组-"
云南省玉溪市北城实业总公司,915304022176746048,1991-06-05,N/A,何玉坤,"306万元人民币","铁铸件,农机配件。(依法须经批准的项目,经相关部门批准后方可开展经营活动)",云南,玉溪,"云南省玉溪市红塔区北城镇"
云南省供销合作经济学会,51530000518355404P,1991-06-08,N/A,和润培,"5(万元)","理论研究　　培训咨询",云南,昆明,"昆明市东风西路26号"
中国工商银行股份有限公司文山分行,915326002181707582,1991-06-09,N/A,陈绍明,"N/A","吸收公众存款、发放人民币短期、中期和长期贷款、办理人民币结算、办理票据贴现、办理外汇存款、外汇贷款、外币兑换、国际结算、结汇、售汇、资信调查、咨询、见证业务、经中国银行业监督管理委员会批准的其他业务。",云南,文山,"云南省文山壮族苗族自治州文山市普阳路中段普阳路中段"
中国农业银行股份有限公司文山分行,91532600218170774P,1991-06-09,N/A,梁永,"N/A","吸收公众存款；发放人民币短期、中期和长期贷款；办理人民币结算；办理票据贴现；外汇存款；外汇贷款；外币兑换；国际结算；结汇；售汇；外汇票据的承兑和贴现；通过上级行办理代客外汇买卖；经中国银行业监督管理委员会批准的其他业务；代理经中国保监会核准的财产险和人身险",云南,文山,"云南省文山壮族苗族自治州文山市开化中路"
中国农业银行股份有限公司牟定共和分理处,91532323917504227L,1991-06-11,N/A,张燕,"N/A","许可该机构经营中国银行业监督管理委员会依照有关法律、行政法规和其他规定批准的业务，经营范围以批准文件所列的为准；经中国保监会核准的财产险、人身险。",云南,楚雄,"云南省楚雄州牟定县共和镇中园西路"
中国农业银行股份有限公司牟定县支行,9153232370988961XU,1991-06-11,N/A,王碧峰,"N/A","许可该机构经营中国银行业监督管理委员会依照有关法律、行政法规和其他规定批准的业务，经营范围以批准文件所列的为准；经中国保监会核准的财产险、人身险。",云南,楚雄,"云南省楚雄彝族自治州牟定县共和镇化湖南路东段"
中国建设银行股份有限公司蒙自朝阳路支行,91532522917941937W,1991-06-12,N/A,孙红玲,"N/A","金融业务（依法须经批准的项目，经相关部门批准后方可开展经营活动）",云南,红河,"云南省红河州蒙自市朝阳路与锦华路交叉口(君悦天下)"
中国建设银行股份有限公司蒙自明珠路支行,91532522917969163F,1991-06-12,N/A,沈竞,"N/A","吸收公众存款；发放人民币短期、中期、长期贷款；办理人民币结算；办理票据贴现；经人民银行批准的其它业务（依法须经批准的项目，经相关部门批准后方可开展经营活动）",云南,红河,"云南省红河州蒙自市明珠路公务员小区综合楼一楼"
中国建设银行股份有限公司蒙自文萃南路支行,91532522917969155L,1991-06-12,N/A,杨军,"N/A","吸收公众存款；发放人民币短期、中期和长期贷款；办理人民币结算；办理票据贴现；经中国人民银行批准的其他业务（依法须经批准的项目，经相关部门批准后方可开展经营活动）",云南,红河,"云南省红河州蒙自市文翠南路红河州住房公积金管理中心一楼南面"
昆明市广告公司印刷厂,91530100916606627Q,1991-06-12,N/A,赵元,"N/A","广告印刷，各种表格，零件印刷＊兼营范围：产品广告印刷及刊头设计＊（依法须经批准的项目，经相关部门批准后方可开展经营活动）",云南,昆明,"昆明市官渡区六甲乡牛桥村243号"
中国建设银行股份有限公司昆明金实支行,91530100713436891H,1991-06-12,N/A,陈梦龙,"N/A","金融服务(按《金融许可证》核定的范围和时限开展经营活动);代理保险业务;经中国人民银行、中国银行业监督管理机构等监管部门批准的其他业务(依法须经批准的项目,经相关部门批准后方可开展经营活动)",云南,昆明,"云南省昆明市金实小区金实路纯商网"
绥江县农村信用合作联社,91530626217121858Y,1991-06-13,N/A,何林,"3,579.7100(万元人民币)","吸收公众存款；发放短期、中期和长期贷款；办理国内结算、票据承兑与贴现；代理、发放、兑付政府债券；同业折借、代收、代付业务;代理财产险、人身险兼营范围：经中国银行业监督管理机构批准的其他业务（依法须经批准的项目，经相关部门批准后方可开展经营活动）",云南,昭通,"云南省昭通市绥江县龙行大道西段8号"
中国建设银行股份有限公司昆明海源中路支行,915301007273179816,1991-06-14,N/A,张曙春,"N/A","金融服务（按《金融许可证》核定的范围和时限开展经营活动）；代理保险业务；经中国人民银行、中国银行业监督管理机构等监管部门批准的其他业务（依法须经批准的项目，经相关部门批准后方可开展经营活动）",云南,昆明,"昆明市高新区海源中路1629号戛纳小镇D13、D14、D15号商铺"
中国建设银行股份有限公司安宁百花东路支行,91530181916829310M,1991-06-15,N/A,彭雯,"N/A","吸收公众存款、发放人民币短期、中期和长期贷款；办理人民币结算；办理票据贴现；代理保险业务；经中国人民银行，中国银行业监督管理机构批准的其他业务。",云南,昆明,"云南省昆明市安宁市华西小区华兴巷人民医院综合楼一层5-8号商铺"
腾冲县供销合作社五合基社,91530522218991388P,1991-06-15,集体所有制,尹兴忠,"185.63万人民币","日用百货，针纺织品，五金，交电，化工，日用杂品，其他食品，饮料，烟，副食品，图书，农副产品购销；农机具及配件零售。兼营范围：化肥，农药，农膜，农器械；废旧物资回收。",云南,保山,"腾冲县五合乡三甲街"
腾冲县供销合作社蒲川基社下甲生资门市,91530522MA6L42H882,1991-06-15,集体分支机构(非法人),段修恒,"N/A","化肥、农药、农膜零售。兼营范围：",云南,保山,"云南省保山市腾冲县蒲川乡下甲街"
中国建设银行股份有限公司昆明安宁支行,91530181216822863E,1991-06-15,N/A,安晖武,"N/A","金融业务;代理保险业务；经中国人民银行、中国银行监督管理机构等监管部门批准的其他业务",云南,昆明,"云南省昆明市安宁市中华路151-153号"
昆明三叶轮胎制造有限责任公司,915301002165855114,1991-06-17,N/A,王昆伟,"997.3800(万元人民币)","保留主体资格，不得开展经营活动（依法须经批准的项目，经相关部门批准后方可开展经营活动）",云南,昆明,"昆明市穿金路763号"
腾冲县供销合作社蒲川基社清河购销店,91530522MA6L42H7X2,1991-06-17,集体分支机构(非法人),段修恒,"N/A","日用百货、纺织品、服装和鞋帽、五金、交电、化工、日用杂品、建筑材料零售。兼营范围：化肥、农药、农膜、农具零售；农副产品购销。",云南,保山,"云南省保山市腾冲县蒲川乡清河街"
腾冲县供销合作社小西基社采购组经营部,91530522MA6MXXM590,1991-06-17,N/A,杨发助,"N/A","化肥、农药、农膜、农用器械零售。兼营范围：五金、交电、化工、民用建筑材料、电工器材零售。",云南,保山,"云南省保山市腾冲县腾越镇天成社区忠勇路小区（粮油加工厂旁）"
昆明市官渡区济康医药经贸有限责任公司,9153010375715903XE,1991-06-18,N/A,吕振远,"111.7000(万元人民币)","日用百货、文化用品、钟表眼镜、针棉织品、服装鞋帽、五金交电、建筑材料、橡胶制品、塑料制品的销售；房屋租赁服务；以下经营范围仅限分公司经营：中药材、中西成药、中药饮片、化学药制剂、抗生素、生化药品、医疗器械的销售（依法须经批准的项目，经相关部门批准后方可开展经营活动）",云南,昆明,"云南省昆明市北郊茨坝镇茨坝路24号"
云南芒市农村商业银行股份有限公司法帕支行,915331039191003148,1991-06-18,N/A,尹国龙,"N/A","吸收公众存款；发放短期、中期和长期贷款；办理国内外结算；办理票据承兑与贴现；代理发行、代理兑付、承销政府债券；买卖政府债券、金融债券；从事同业拆借；开办外汇业务",云南,德宏,"云南省德宏州芒市风平镇法帕村"
云南芒市农村商业银行股份有限公司遮放支行,91533103919100365G,1991-06-19,N/A,张正忠,"N/A","吸收公众存款；发放短期、中期和长期贷款；办理国内外结算；办理票据承兑与贴现；代理发行、代理兑付、承销政府债券；买卖政府债券、金融债券；从事同业拆借；开办外汇业务",云南,德宏,"云南省德宏州芒市遮放镇街道村"
中国农业银行股份有限公司芒市城关分理处,91533103693071214N,1991-06-19,N/A,彭伟,"N/A","经营中国银行业监督管理委员会依照有关法律、行政法规和其他规定批准的业务，经营范围以批准文件所列的为准。",云南,德宏,"云南省德宏州芒市团结大街120号"
中国农业银行股份有限公司怒江向阳路分理处,91533321709865896B,1991-06-19,N/A,刘翠芬,"N/A","商业银行；经中国保监会核准的财产险、人身险",云南,怒江,"云南省怒江傈僳族自治州泸水市江西片区向阳南路120号"
中国工商银行股份有限公司昭通西街支行,91530600770491635A,1991-06-19,N/A,姜英灿,"N/A","经营中国银行业监督管理委员会依照有关法律、行政法规和其他规定批准的业务，经营范围以批准文件所列的为准。代理经中国保监会核准的财产险、人身险。",云南,昭通,"云南省昭通市昭阳区西街257号"
云南芒市农村商业银行股份有限公司勐相支行,91533103919100242F,1991-06-19,N/A,陈世卯,"N/A","吸收公众存款；发放短期、中期和长期贷款；办理国内外结算；办理票据承兑与贴现；代理发行、代理兑付、承销政府债券；买卖政府债券、金融债券；从事同业拆借；开办外汇业务",云南,德宏,"云南省德宏州芒市团结大街122号附6号"
云南芒市农村商业银行股份有限公司风平支行,91533103919100357M,1991-06-19,N/A,邓元华,"N/A","吸收公众存款；发放短期、中期和长期贷款；办理国内外结算；办理票据承兑与贴现；代理发行、代理兑付、承销政府债券；买卖政府债券、金融债券；从事同业拆借；开办外汇业务",云南,德宏,"云南省德宏州芒市风平镇风平村"
云南芒市农村商业银行股份有限公司江东支行,915331039191002697,1991-06-19,N/A,黄国益,"N/A","吸收公众存款；发放短期、中期和长期贷款；办理国内外结算；办理票据承兑与贴现；代理发行、代理兑付、承销政府债券；买卖政府债券、金融债券；从事同业拆借；开办外汇业务",云南,德宏,"云南省德宏州芒市江东乡河头村"
中国工商银行股份有限公司昭通团结支行,9153060077049131XH,1991-06-19,N/A,乔家寿,"N/A","经营中国银行业监督管理委员会依照有关法律、行政法规和其他规定批准的业务，经营范围以批准文件所列的为准。代理经中国保监会核准的财产险、人身险。",云南,昭通,"云南省昭通市昭阳区北顺城延伸段新天地C18-C21号"
云南芒市农村商业银行股份有限公司芒海支行,91533103919100330X,1991-06-19,N/A,彭道友,"N/A","吸收公众存款；发放短期、中期和长期贷款；办理国内外结算；办理票据承兑与贴现；代理发行、代理兑付、承销政府债券；买卖政府债券、金融债券；从事同业拆借；开办外汇业务",云南,德宏,"云南省德宏州芒市芒海镇芒海村"
云南省二轻工业产品销售公司,915300002165216570,1991-06-19,N/A,李林,"197(万元人民币)","针纺织品",云南,昆明,"云南省昆明市青年路151-159号"
腾冲市供销合作社曲石基社回街购销店,91530522MA6K6RJR40,1991-06-19,集体分支机构(非法人),杨武,"N/A","日用百货、日用杂品、纺织品、服装、鞋帽、五金、交电零售。兼营范围：化肥、农膜、农具、农药器械、建材、钢材零售；再生物资回收；农副产品购销。",云南,保山,"腾冲市曲石镇回街村"
中国农业银行股份有限公司怒江片马分理处,915333217098659091,1991-06-19,N/A,陈德磊,"N/A","商业银行；经中国保监会核准的财产险、人身险",云南,怒江,"云南省怒江州泸水县片马镇"
云南万洲建设工程有限公司,91530102216759630G,1991-06-19,N/A,赖协兵,"8,600(万元人民币)","公路工程施工；建筑材料（危险化学品除外）的销售；标识、标牌的安装（依法须经批准的项目，经相关部门批准后方可开展经营活动）",云南,昆明,"云南省昆明市五华区盈江路14号"
中国工商银行股份有限公司昭通元宝支行,9153060077049000X8,1991-06-19,N/A,吴晓,"N/A","经营中国银行业监督管理委员会依照有关法律、行政法规和其它规定批准的业务，经营范围以批准文件所列为准。代理经中国保监会核准的财产险、人身险。",云南,昭通,"云南省昭通市昭阳区昭阳大道332号"
中国工商银行股份有限公司昭通分行,9153060062271303XH,1991-06-19,N/A,李彦斌,"N/A","经营中国银行业监督管理委员会依照有关法律、行政法规和其他规定批准的业务，经营范围以批准文件所列的为准。代理经中国保监会核准的财产险、人身险。",云南,昭通,"云南省昭通市昭阳区海楼路169号"
云南芒市农村商业银行股份有限公司中山支行,91533103919100250A,1991-06-19,N/A,刘健,"N/A","吸收公众存款；发放短期、中期和长期贷款；办理国内外结算；办理票据承兑与贴现；代理发行、代理兑付、承销政府债券；买卖政府债券、金融债券；从事同业拆借；开办外汇业务",云南,德宏,"云南省德宏州芒市中山乡小水井村"
云南芒市农村商业银行股份有限公司勐戛支行,91533103919100285W,1991-06-19,N/A,乔昌品,"N/A","吸收公众存款；发放短期、中期和长期贷款；办理国内外结算；办理票据承兑与贴现；代理发行、代理兑付、承销政府债券；买卖政府债券、金融债券；从事同业拆借；开办外汇业务",云南,德宏,"云南省德宏州芒市勐戛镇勐戛村"
中国农业银行股份有限公司芒市勐焕分理处,91533103693071150Q,1991-06-19,N/A,崔哲,"N/A","经营中国银行业监督管理委员会依照有关法律、行政法规和其他规定批准的业务，经营范围以批准文件所列的为准。",云南,德宏,"云南省德宏州芒市勐焕路51号"
中国农业银行股份有限公司芒市遮放分理处,91533103693071281L,1991-06-19,N/A,苟常兴,"N/A","经营中国银行业监督管理委员会依照有关法律、行政法规和其他规定批准的业务，经营范围以批准文件所列的为准。",云南,德宏,"云南省德宏州芒市遮放镇团结中路12号"
云南芒市农村商业银行股份有限公司轩岗支行,91533103919100306D,1991-06-19,N/A,李俊东,"N/A","吸收公众存款；发放短期、中期和长期贷款；办理国内外结算；办理票据承兑与贴现；代理发行、代理兑付、承销政府债券；买卖政府债券、金融债券；从事同业拆借；开办外汇业务",云南,德宏,"云南省德宏州芒市轩岗乡轩蚌村"
腾冲市供销合作社曲石基社庄稼医院,91530522MA6K6X658G,1991-06-19,集体分支机构(非法人),杨武,"N/A","化肥、农药、农膜、农器械。兼营范围：日用百货、日用杂品、五金、交电、建材、钢材零售，农副产品购销。",云南,保山,"云南省保山市腾冲市曲石镇曲石街"
中国工商银行股份有限公司昭通牡丹支行,91530600734322930T,1991-06-19,N/A,左晓东,"N/A","经营中国银行业监督管理委员会依照有关法律、行政法规和其他规定批准的业务，经营范围以批准文件所列的为准。代理经中国保监会核准的财产险、人身险。",云南,昭通,"云南省昭通市昭阳区凤霞路129号"
腾冲市供销合作社曲石基社公平购销店,91530522MA6K6RJL5X,1991-06-19,集体分支机构(非法人),杨武,"N/A","日用百货、日用杂品、纺织品、服装、鞋帽、五金、交电零售。兼营范围：化肥、农膜、农具、农药器械、建材、钢材零售；农副产品购销；再生物资回收。",云南,保山,"腾冲市曲石镇公平村"
中国农业银行股份有限公司芒市珠宝小镇分理处,9153310369307137X0,1991-06-19,N/A,张兴林,"N/A","经营中国银行业监督管理委员会依照有关法律、行政法规和其他规定批准的业务，经营范围以批准文件所列的为准（依法须经批准的项目，经相关部门批准后方可开展经营活动）",云南,德宏,"云南省德宏州芒市勐焕路66号宝石村一组7号"
中国农业银行股份有限公司芒市华丰分理处,915331036930711343,1991-06-19,N/A,张杰,"N/A","经营中国银行业监督管理委员会依照有关法律、行政法规和其他规定批准的业务，经营范围以批准文件所列的为准。",云南,德宏,"云南省德宏州芒市团结大街华丰国际商城服装区01幢19-23号"
中国农业银行股份有限公司怒江穿城路支行,915333217380575643,1991-06-19,N/A,茶兴文,"N/A","商业银行；经中国保监会核准的财产险、人身险",云南,怒江,"云南省怒江傈僳族自治州泸水市六库镇穿城路219号"
中国农业银行股份有限公司芒市民航分理处,91533103693071222H,1991-06-19,N/A,段自虎,"N/A","经营中国银行业监督管理委员会依照有关法律、行政法规和其他规定批准的业务，经营范围以批准文件所列的为准。",云南,德宏,"云南省德宏州芒市团结大街159号"
云南芒市农村商业银行股份有限公司城关支行,91533103919100349T,1991-06-19,N/A,李岩旺保,"N/A","吸收公众存款；发放短期、中期和长期贷款；办理国内外结算；办理票据承兑与贴现；代理发行、代理兑付、承销政府债券；买卖政府债券、金融债券；从事同业拆借；开办外汇业务",云南,德宏,"云南省德宏州芒市团结大街57号"
云南芒市农村商业银行股份有限公司勐焕支行,915331032191001881,1991-06-19,N/A,胡哲铭,"N/A","吸收公众存款；发放短期、中期和长期贷款；办理国内外结算；办理票据承兑与贴现；代理发行、代理兑付、承销政府债券；买卖政府债券、金融债券；从事同业拆借；开办外汇业务",云南,德宏,"云南省德宏州芒市勇罕街38号"
宾川县劳动服务公司,91532924218747043W,1991-06-20,N/A,张洪国,"50(万元人民币)","日用百货、针纺织品兼营范围：经营范围中涉及前置审批的按许可证经营（依法须经批准的项目，经相关部门批准后方可开展经营活动）",云南,大理,"云南省大理白族自治州宾川县金牛镇青年路6号"
腾冲县供销合作社中和基社采购门市,91530522MA6K6LKY1D,1991-06-20,集体分支机构(非法人),杨学钦,"N/A","农副产品、废旧物资回收。兼营范围：",云南,保山,"云南省保山市腾冲县中和乡新街村"
腾冲市供销合作社曲石基社,91530522218991396J,1991-06-20,集体所有制,杨武,"256.84万人民币","日用百货、纺织品、服装、鞋帽、五金、交电、日用杂品、家具、衡器具。兼营范围：化肥、农膜、农具、农器械；建材、钢材零售；农副产品购销；再生物资回收。",云南,保山,"云南省保山市腾冲市曲石镇曲石街"
腾冲市供销合作社曲石基社平地购销店,91530522MA6K6X6H6N,1991-06-20,集体分支机构(非法人),杨武,"N/A","日用百货、日用杂品、纺织品、服装、鞋帽、五金、交电零售。兼营范围：化肥、农膜、农具、农药器械、建材、钢材零售；再生物资回收；农副产品购销。",云南,保山,"云南省保山市腾冲市曲石镇平地村"
腾冲县供销合作社中和基社化肥门市,91530522MA6K6LMD2A,1991-06-20,集体分支机构(非法人),杨学钦,"N/A","化肥、农膜、农业器械销售。兼营范围：",云南,保山,"云南省保山市腾冲县中和乡新街村"
腾冲县供销合作社中和基社,915305222189914173,1991-06-20,集体所有制,杨学钦,"152.7万人民币","五金、交电、建筑材料、钢材。兼营范围：化肥、农药、农膜、农器械、煤油零售，农副产品购销、废旧物资回收。",云南,保山,"云南省保山市腾冲县中和乡新街村"
宣威市农村信用合作联社海岱信用社,915303810522302033,1991-06-21,N/A,张仁同,"N/A","按中国银行业监督管理委员会批准的金融业务范围经营*兼营范围：-------------------------------------",云南,曲靖,"云南省曲靖市宣威市海岱镇羊场街4号"
保山市隆阳区种子公司,915305022189324760,1991-06-21,N/A,杨保中,"500(万元人民币)","农作物咨询服务。",云南,保山,"云南省保山市隆阳区永昌街道太保北路"
中国人民财产保险股份有限公司泸西支公司,91532527918050087N,1991-06-21,N/A,王庆华,"N/A","财产损失保险、责任保险、信用保险、意外伤害保险、短期健康保险、保证保险人民币或外币保险业务；与上述业务相关的再保险业务；各类财产保险、意外伤害保险、短期健康保险及其再保险的服务与咨询业务；代理保险机构办理有关业务；国家法律法规规定的或国家保险监管机构批准的其他业务。",云南,红河,"云南省红河州泸西县九华路东段"
宣威市农村信用合作联社靖外信用社,915303810522279955,1991-06-21,N/A,母其玉,"N/A","按中国银行业监督管理委员会批准的金融业务范围经营*兼营范围：------------------------------------",云南,曲靖,"云南省宣威市西宁街道办事处靖外村"
腾冲县供销合作社团田基社,915305222189914098,1991-06-21,集体所有制,何开华,"216.86万人民币","百货，针纺织品，五金，交电，日用杂品，化肥，农药，农膜零售。兼营范围：",云南,保山,"云南省保山市腾冲县团田乡新街子"
宣威市农村信用合作联社落水信用社,9153038105222943XB,1991-06-22,N/A,徐天锦,"N/A","按中国银行业监督管理委员会批准的金融业务范围经营*兼营范围：------------------------------------",云南,曲靖,"云南省曲靖市宣威市落水镇落水村"
宣威市农村信用合作联社乐丰信用社,91530381052228736X,1991-06-22,N/A,缪彬和,"N/A","按中国银行业监督管理委员会批准的金融业务范围经营*兼营范围：-----------------------------------",云南,曲靖,"云南省宣威市乐丰乡店子村"
宣威市农村信用合作联社东山信用社,915303810522278724,1991-06-22,N/A,张国顶,"N/A","按中国银行业监督管理委员会批准的金融业务范围经营*兼营范围：------------------------------------",云南,曲靖,"云南省宣威市东山镇马场村"
楚雄市城乡建筑工程有限公司,91532301217442037W,1991-06-22,N/A,张集,"827.7500(万)","水利基础工程施工、房屋建筑工程施工；水泥混凝土制品、水泥预制构件、建筑防水材料、建筑五金、水暖管道零件、其它建筑用金属制品、照明电器及配件、化工产品",云南,楚雄,"云南省楚雄州楚雄市鹿城镇雄宝路金康花园"
宣威市农村信用合作联社羊场信用社,9153038105222847X8,1991-06-22,N/A,张如东,"N/A","按中国银行业监督管理委员会批准的金融业务范围经营*兼营范围：----------------------------------",云南,曲靖,"云南省宣威市羊场镇基场村"
宣威市农村信用合作联社倘塘信用社,915303810522279287,1991-06-22,N/A,赵思银,"N/A","按中国银行业监督管理委员会批准的金融业务范围经营*兼营范围：------------------------------------",云南,曲靖,"云南省宣威市倘塘镇倘塘村"
宣威市农村信用合作联社龙场信用社,915303819173035058,1991-06-23,N/A,代维,"N/A","按中国银行业监督管理委员会批准的金融业务范围经营*兼营范围：-----------------------------------",云南,曲靖,"云南省宣威市龙场镇龙场村"
中国人民财产保险股份有限公司宁蒗支公司,91530724219280449Q,1991-06-24,N/A,杨海军,"N/A","财产损失保险业务、责任保险、信用保险、意外伤害保险、短期健康保险、保证保险等人民币或外币保险业务；与上述业务相关的再保险业务；各类财产保险、意外伤害保险、短期健康保险及其再保险的服务与咨询业务；代理保险机构办理有关业务；国家法律法规规定的或国家保险监管机构批准的其他业务（依法须经批准的项目，经相关部门批准后方可开展经营活动）",云南,丽江,"宁蒗县大兴镇朝阳东路"
开远市青年路加工厂,91532502217922399G,1991-06-24,集体所有制,杨洪平,"39万人民币","房屋租赁兼营范围：（依法须经批准的项目，经相关部门批准后方可开展经营活动）",云南,红河,"开远市青年路183号"
云南普洱思茅农村商业银行股份有限公司倚象支行,91530802918365812G,1991-06-25,N/A,王荣芬,"N/A","吸收公众存款；发放短期、中期和长期贷款；办理国内外结算；办理票据承兑与贴现；代理发行、代理兑付、承销政府债券；买卖政府债券、金融债券；从事同业拆借；从事银行卡业务；代理收付款项及代理保险业务；提供保管箱服务；开办外汇业务",云南,普洱,"普洱市思茅区倚象镇"
腾冲县供销合作社界头基社新大街购销店,91530522MA6KT29H6F,1991-06-25,集体分支机构(非法人),朱绍发,"N/A","农药、化肥、农膜。兼营范围：",云南,保山,"云南省保山市腾冲县界头镇新大街"
云南普洱思茅农村商业银行股份有限公司思茅港支行,915308029183657835,1991-06-25,N/A,武学奕,"N/A","吸收公众存款；发放短期、中期和长期贷款；办理国内外结算；办理票据承兑与贴现；代理发行、代理兑付、承销政府债券；买卖政府债券、金融债券；从事同业拆借；从事银行卡业务；代理收付款项及代理保险业务；提供保管箱服务；开办外汇业务",云南,普洱,"普洱市思茅区思茅港镇"
云南普洱思茅农村商业银行股份有限公司云仙支行,915308029183657910,1991-06-25,N/A,张龙飞,"N/A","吸收公众存款；发放短期、中期和长期贷款；办理国内外结算；办理票据承兑与贴现；代理发行、代理兑付、承销政府债券；买卖政府债券、金融债券；从事同业拆借；从事银行卡业务；代理收付款项及代理保险业务；提供保管箱服务；开办外汇业务",云南,普洱,"普洱市思茅区云仙乡"
云南电力技术有限责任公司,91530100216700567Y,1991-06-25,N/A,李晓平,"3,603.4000(万元人民币)","电力、电气系统及其设备、设施、物资、材料的检测、校准及相关技术的开发、转让、咨询服务；电气产品型式试验及抽样试验；机电设备调试、仪器仪表调试修理、电力技术开发、技术咨询服务；电力购销、电力贸易；电力设备检测检验（检定校准）；信息化技术开发与服务、信息安全保障；科技项目咨询服务、科技成果鉴定、评审与验收服务；专利申请代理服务；设备租赁；房屋租赁；汽车租赁；防雷工程专业设计及实施；电力工程的调试、运维、检测、化验分析、性能试验及监理；电力新技术产品开发、转让(不得涉及互联网金融类及其关联衍生业务、个人征信业务)（危险化学品、涉氨制冷业及国家限定违禁管制品除外）（不得在经开区内从事本区产业政策中限制类、禁止类行业）（依法须经批准的项目，经相关部门批准后方可开展经营活动）",云南,昆明,"云南省昆明市经济技术开发区 云大西路105号"
云南普洱思茅农村商业银行股份有限公司茶城支行,91530802918365775A,1991-06-25,N/A,黄守明,"N/A","吸收公众存款；发放短期、中期和长期贷款；办理国内外结算；办理票据承兑与贴现；代理发行、代理兑付、承销政府债券；买卖政府债券、金融债券；从事同业拆借；从事银行卡业务；代理收付款项及代理保险业务；提供保管箱服务；开办外汇业务",云南,普洱,"普洱市思茅区茶苑路与龙生路交叉口(公园1号S1幢)"
中国农业银行股份有限公司龙陵龙山分理处,91530523693074810G,1991-06-26,N/A,杨奎从,"N/A","许可该机构经营中国银行业监督管理委员会依照有关法律、行政法规和其他规定批准的业务，经营范围以批准文件所列的为准。",云南,保山,"云南省保山市龙陵县龙山镇远征路2号"
腾冲县供销合作社界头基社桥头生资门市,91530522MA6KT29T4J,1991-06-26,集体分支机构(非法人),朱绍发,"N/A","农业生产资料，建材，日用百货，五金交电。兼营范围：",云南,保山,"云南省保山市腾冲县界头镇桥头村"
云南百合林业有限公司,915300002165243134,1991-06-26,N/A,鲁鹏,"100(万元人民币)","天然林保护及管护、树木果树的种植及后期管理、物业管理、绿化工程。停车",云南,昆明,"云南省昆明市虹山西路一号"
腾冲市供销合作社清水基社,91530522218991492U,1991-06-26,集体所有制,黄之宇,"72.6万人民币","化肥、农药、农膜、农业生产资料、不再分装的农作物种子、农副产品零售。兼营范围：百货零售。",云南,保山,"云南省腾冲市清水乡朱星街"
腾冲县供销合作社界头基社,915305222189914841,1991-06-26,集体所有制,朱绍发,"379.22万人民币","日用百货、针纺织品、五金、交电、化工产品",云南,保山,"云南省保山市腾冲县界头乡界头街"
腾冲县供销合作社界头基社综合批发门市,91530522MA6KT29QXX,1991-06-26,集体分支机构(非法人),朱绍发,"N/A","化肥、农药、农膜。兼营范围：",云南,保山,"云南省保山市腾冲县界头镇界头村"
云南副食果品集团有限公司,9153000021652329X0,1991-06-27,N/A,唐朝林,"1,250(万)","五金交电，装饰材料，日用百货，金属材料，建筑材料，针纺织品，干鲜果品，干鲜蔬菜，蜜饯果脯，畜禽肉蛋及制品，水产品，调味品，豆制品，农副产品，粮油及制品，酒，饮料，副食品，糖、茶、自营和代理各类商品及技术的进出口业务，但国家限定公司经营或禁止进出口的商品及技术除外；经营进料加工和“三来一补”业务；经营对销贸易和转口贸易，仓储服务，场地出租，物资储运，包装物，蔬菜瓜果运输服务，货运代理，果蔬种植",云南,昆明,"云南省昆明市北京路152号"
云南省春城建筑工程公司建筑材料制品厂,91530000916527152Y,1991-06-27,国有企业,周易鑫,"N/A","水泥预制构件制造。兼营范围：*",云南,昆明,"云南省昆明市黑林铺班庄村"
腾冲县供销合作社土产公司榨油厂,91530522MA6L0M1Q6U,1991-06-28,集体分支机构(非法人),余文,"N/A","非食用植物油加工。兼营范围：",云南,保山,"云南省保山市腾冲县腾越镇天成社区忠勇路"
云南昭通昭阳农村商业银行股份有限公司北闸支行,915306022169917471,1991-06-28,N/A,彭德丽,"N/A","与公司经营范围一致",云南,昭通,"云南省昭通市昭阳区北闸镇北闸社区2社"
腾冲县供销合作社土产公司,91530522218991505H,1991-06-28,集体所有制,杨新东,"55.37万人民币","农副产品，日用杂品。兼营范围：日用百货，电工器材，五金工具。",云南,保山,"云南省保山市腾冲县腾越镇天成社区银河小区338号"
中国工商银行股份有限公司安宁珍泉路支行,91530181709774951Q,1991-06-29,N/A,何缨,"N/A","按<>核定的范围和时限开展经营活动（依法须经批准的项目，经相关部门批准后方可开展经营活动）",云南,昆明,"云南省昆明市安宁市大屯新区珍泉路北侧金色半岛住宅小区6幢03、04号"
中国工商银行股份有限公司昆明电力大楼支行,915301007097749193,1991-06-29,N/A,向敏,"N/A","按<>核定的范围和时限开展经营活动（依法须经批准的项目，经相关部门批准后方可开展经营活动）",云南,昆明,"云南省昆明市官渡区拓东路47号"
中国工商银行股份有限公司安宁昆钢南区支行,91530181916608526Q,1991-06-29,N/A,董萍,"N/A","按《金融许可证》核定的范围和时限开展经营活动。",云南,昆明,"云南省昆明市安宁市昆钢建设街94幢"
中国人民财产保险股份有限公司砚山支公司,915326222182111776,1991-06-29,N/A,马魂,"N/A","财产损失保险、责任保险、信用保险、意外伤害保险、短期健康保险、保证保险等人民币或外币保险业务；与上述业务相关的再保险业务；各类财产保险、意外伤害保险、短期健康保险及其再保险的服务与咨询业务；代理保险机构办理有关业务；国家法律法规规定的或国家保险监管机构批准的其他业务。",云南,文山,"云南省文山壮族苗族自治州砚山县江那镇建设路"
云南昆船设计研究院有限公司,91530000216524196A,1991-06-29,N/A,张俊荣,"2,588.9000(万元人民币)","研究、设计食品包装，烟草机械设备，烟机工程及中间试验销售样机，开发电控成套设备，机电一体化高新产品及电子产品，塑料机械设备，物流自动化设备，金属制产品的研究、设计、生产、销售；兼机械工程，计算机网络工程的设计、制造、施工。兼营范围：与主营项目相关的技术咨询服务、转让，工业自动化元器件、仪器仪表的经销代销。",云南,昆明,"云南省昆明市盘龙区人民中路6号"
中国建设银行股份有限公司牟定支行,91532323709889628U,1991-06-29,N/A,姚显波,"N/A","吸收公众存款；发放短期、中期和长期贷款；办理国内外结算；办理票据承兑与贴现；发行金融债券；代理发行、代理兑付、承销政府债券；买卖政府债券、金融债券；从事同业拆借；买卖、代理买卖外汇；从事银行卡业务；提供信用证服务及担保；代理收付款项及代理保险业务；提供保管箱服务；经中国银行业监督管理机构等监管部门批准的其他业务（依法须经批准的项目，经相关部门批准后方可开展经营活动）",云南,楚雄,"云南省楚雄州牟定县共和镇南大街"
中国工商银行股份有限公司呈贡龙城支行,915301219166085181,1991-06-29,N/A,李蓝宇,"N/A","按《金融许可证》核定的范围和时限开展经营活动。",云南,昆明,"云南省昆明市呈贡区龙城街30号"
中国农业银行股份有限公司墨江哈尼族自治县支行,91530822709836032E,1991-06-29,N/A,王增堂,"N/A","吸收公众存款；发放短期、中期、长期贷款；办理国内外结算；办理票据承兑与贴现；发行金融债券；代理发行、代理兑付、承销政府债券；买卖政府债券、金融债券；从事同业拆借；买卖、代理买卖外汇；结汇、售汇；从事银行卡业务；提供信用证服务及担保；代理收付款项及代理保险业务；代理资金清算；各类汇兑业务；代理政策性银行、外国政府和国际金融机构贷款业务；贷款承诺；组织或参加银团贷款；外汇存款；外汇贷款；外汇汇款；外汇借款；发行、代理发行、买卖或代理买卖股票以外的外币有价证券；外汇票据承兑和贴现；自营、代客外汇买卖；外币兑换；外汇担保；资信调查、咨询、见证业务；企业、个人财务顾问服务；证券公司客户交易结算资金存管业务；证券投资基金托管业务；企业年金托管业务；产业投资基金托管业务；合格境外机构投资者境内证券投资托管业务；代理开放式基金业务；电话银行、网上银行、手机银行业务；金融衍生产品交易业务；经中国银行业监督管理机构等监管部门批准的其他业务。",云南,普洱,"云南省普洱市墨江县新建路4号"
中国包装进出口云南公司,915300002165263270,1991-06-29,N/A,耿志明,"1,754(万)","包装材料及容器、包装机械等商品的进出口业务及其代理进出口业务；服装、日用工艺品、建筑材料的出口业务；承办中外合资经营、合作生产业务；开展“三来一补”转口贸易及边贸业务。兼营范围：从事进出口商品的内销业务；装饰装璜设计、制作、塑料制品五金、建筑材料、农副产品",云南,昆明,"云南省昆明市西昌路177号"
中国农业银行股份有限公司墨江环城分理处,915308227098360409,1991-06-29,N/A,柴瑶,"N/A","吸收公众存款；发放短期、中期、长期贷款；办理国内外结算；办理票据承兑与贴现；发行金融债券；代理发行、代理兑付、承销政府债券；买卖政府债券、金融债券；从事同业拆借；买卖、代理买卖外汇；结汇、售汇；从事银行卡业务；提供信用证服务及担保；代理收付款项及代理保险业务；代理资金清算；各类汇兑业务；代理政策性银行、外国政府和国际金融机构贷款业务；贷款承诺；组织或参加银团贷款；外汇存款；外汇贷款；外汇汇款；外汇借款；发行、代理发行、买卖或代理买卖股票以外的外币有价证券；外汇票据承兑和贴现；自营、代客外汇买卖；外币兑换；外汇担保；资信调查、咨询、见证业务；企业、个人财务顾问服务；证券公司客户交易结算资金存管业务；证券投资基金托管业务；企业年金托管业务；产业投资基金托管业务；合格境外机构投资者境内证券投资托管业务；代理开放式基金业务；电话银行、网上银行、手机银行业务；金融衍生产品交易业务；经中国银行业监督管理机构等监管部门批准的其他业务。",云南,普洱,"云南省普洱市墨江县城蚂蝗塘15号"
中国农业银行股份有限公司新平城关分理处,91530427622806092E,1991-06-30,N/A,罗林,"N/A","吸收公众存款；发放人民币短期、中期和长期贷款，办理人民币结算，办理票据贴现，经中国银行业监督管理委员会批准的其他业务；代理经中国保监会核准的财产险和人身险",云南,玉溪,"云南省玉溪市新平彝族傣族自治县桂山街道办事处平山路103号"
中国农业银行股份有限公司盈江城关分理处,91533123919143840Y,1991-06-30,N/A,丁茂椿,"N/A","经营中国银行监督管理委员会依照有关法律、法规和其他规定批准的业务；经营范围以批准文件所列的为准。",云南,德宏,"云南省德宏州盈江县平原镇勐腊路458号"
中国农业银行股份有限公司大姚六苴分理处,91532326709886902X,1991-06-30,N/A,杨天发,"N/A","经中国银行业监督管理委员会依照有关法律、行政法规和其他规定批准的业务，经营范围以批准文件所列的为准；经中国保监会核准的财产险、人身险。",云南,楚雄,"云南省楚雄州大姚县六苴镇中仓路"
中国农业银行股份有限公司施甸城关分理处,91530521693074802Q,1991-06-30,N/A,李云,"N/A","储蓄、存款、贷款、结算业务。",云南,保山,"云南省保山市施甸县甸阳镇甸阳路东侧嘉城名都广场步行街4幢11号"
中国农业银行股份有限公司元江哈尼族彝族傣族自治县支行,91530428917853785W,1991-06-30,N/A,储传伟,"N/A","吸收公众存款；发放人民币短期、中期和长期贷款；办理人民币结算；办理票据贴现；办理外汇存款，外汇贷款，外汇汇款，外币兑换;国际结算、结汇、售汇；经中国银行业监督管理委员会批准的其他业务；经中国保监会核准的财产险、人身险",云南,玉溪,"云南省玉溪市元江县红河街道红河社区澧江路50号"
中国农业银行股份有限公司盈江农场分理处,91533123709859410H,1991-06-30,N/A,马静,"N/A","经营中国银行监督管理委员会依照有关法律、法规和其他规定批准的业务；经营范围以批准文件所列的为准。",云南,德宏,"云南省德宏州盈江县平原镇永盛路155号"
中国农业银行股份有限公司玉溪北城支行,915304029176787617,1991-06-30,N/A,柏为民,"N/A","吸收公众存款；发放人民币短期、中期和长期贷款；办理人民币结算，办理票据贴现，经中国银行业监督管理委员会批准的其他业务；经中国保监会核准的财产险、人身险",云南,玉溪,"云南省玉溪市红塔区北城镇荣昌街104号"
中国建设银行股份有限公司施甸支行,91530521218971424W,1991-06-30,N/A,伍雪刚,"N/A","存款、贷款、个人储蓄、转账结算和现金结算；证券发行及代理证券发行；代理经中国保监会核准的财产险、人身险。",云南,保山,"云南省保山市施甸县甸阳中路"
中国工商银行股份有限公司玉溪红塔山支行,915304029176788848,1991-06-30,N/A,张荣坤,"N/A","吸收人民币存款，发放人民币贷款，办理票据贴现，办理人民币结算，经批准的其他业务；经中国保监会核准的财产险和人身险（航意险除外）；办理外汇存款，外汇汇款、结售汇",云南,玉溪,"云南省玉溪市红塔区抚仙路10-6号"
中国农业银行股份有限公司大姚金碧分理处,91532326709805332R,1991-06-30,N/A,李雪梅,"N/A","经中国银行业监督管理委员会依照有关法律、行政法规和其他规定批准的业务，经营范围以批准文件所列的为准；经中国保监会核准的财产险、人身险。",云南,楚雄,"云南省楚雄彝族自治州大姚县金碧镇金平路天和锦园临街商铺"
云南盈江农村商业银行股份有限公司,91533123MA6K9F8Y5D,1991-06-30,N/A,杨莉,"19,015.0870(万元人民币)","（一）吸收公众存款；（二）发放短期、中期和长期贷款；（三）办理国内外结算；（四）办理票据承兑与贴现；（五）代理发行、代理兑付、承销政府债券；（六）买卖政府债券、金融债券；（七）从事同业拆借；（八）从事银行卡业务；（九）代理收付款项业务及代理保险业务；（十）提供保管箱服务；",云南,德宏,"云南省德宏州盈江县平原镇象城路6号"
中国农业银行股份有限公司大姚南城分理处,915323267098869536,1991-06-30,N/A,王家鸿,"N/A","经中国银行业监督管理委员会依照有关法律、行政法规和其他规定批准的业务，经营范围以批准文件所列的为准；经中国保监会核准的财产险、人身险。",云南,楚雄,"云南省楚雄州大姚县金碧镇环城南路078号"
中国农业银行股份有限公司盈江县支行,91533123219141908B,1991-06-30,N/A,赵德光,"N/A","经营中国银行监督管理委员会依照有关法律、法规和其他规定批准的业务；经营范围以批准文件所列的为准",云南,德宏,"云南省德宏州盈江县平原镇永盛路62号"
云南昭通昭阳农村商业银行股份有限公司洒渔支行,91530602216991763N,1991-07-01,N/A,黄训聪,"N/A","与公司经营范围一致",云南,昭通,"云南省昭通市昭阳区洒渔镇"
云南昭通昭阳农村商业银行股份有限公司龙泉支行旧圃分理处,91530602216991667D,1991-07-01,N/A,夏永勇,"N/A","与公司经营范围一致",云南,昭通,"云南省昭通市昭阳区旧圃镇"
云南昭通昭阳农村商业银行股份有限公司洒渔支行乐居分理处,915306022169917989,1991-07-01,N/A,姜荣华,"N/A","与公司经营范围一致",云南,昭通,"云南省昭通市昭阳区乐居镇上街村6社"
云南昭通昭阳农村商业银行股份有限公司永丰支行守望分理处,91530602216991640M,1991-07-01,N/A,马柱,"N/A","与公司经营范围一致",云南,昭通,"云南省昭通市昭阳区守望乡水井湾村4社"
云南昭通昭阳农村商业银行股份有限公司太平支行大山包分理处,9153060221699178X9,1991-07-01,N/A,贺杨,"N/A","与公司经营范围一致",云南,昭通,"云南省昭通市昭阳区大山包镇合兴村6组"
云南昭通昭阳农村商业银行股份有限公司太平支行小龙洞分理处,91530602216991632T,1991-07-01,N/A,锁配洪,"N/A","与公司经营范围一致",云南,昭通,"云南省昭通市昭阳区小龙洞乡小龙洞村20社"
云南昭通昭阳农村商业银行股份有限公司龙泉支行大寨分理处,91530602216991800W,1991-07-01,N/A,颜诚,"N/A","与公司经营范围一致",云南,昭通,"云南省昭通市昭阳区大寨子乡集镇"
云南昭通昭阳农村商业银行股份有限公司小企业贷款专业支行,91530602216991704K,1991-07-01,N/A,赵平,"N/A","与公司经营范围一致",云南,昭通,"云南省昭通市昭阳区凤霞路374号"
中国工商银行股份有限公司昆明三八支行,91530100709775022J,1991-07-01,N/A,刘曼达,"N/A","按<>核定的范围和时限开展经营活动（依法须经批准的项目，经相关部门批准后方可开展经营活动）",云南,昆明,"昆明市万华路天宇花园商铺BC02-BC05"
腾冲县供销合作社固东购销专业合作社生资门市,91530522MA6MX2A741,1991-07-01,集体分支机构(非法人),赵加凯,"N/A","化学农药，化学肥料，农膜，农药器械零售。兼营范围：日用杂品，民用建筑材料。",云南,保山,"云南省保山市腾冲县固东镇固东街"
云南昭通昭阳农村商业银行股份有限公司北闸支行靖安分理处,91530602216991827L,1991-07-01,N/A,黄天意,"N/A","与公司经营范围一致",云南,昭通,"云南省昭通市昭阳区靖安镇"
云南昭通昭阳农村商业银行股份有限公司凤霞支行,91530602727283005L,1991-07-01,N/A,余秋影,"N/A","与公司经营范围一致",云南,昭通,"云南省昭通市昭阳区环湖北路37、39、41、43号"
中国工商银行股份有限公司昆明气象路支行,9153010070977496X6,1991-07-01,N/A,袁亚武,"N/A","按<>核定的范围和时限开展经营活动（依法须经批准的项目，经相关部门批准后方可开展经营活动）",云南,昆明,"昆明市气象路中段41号"
云南昭通昭阳农村商业银行股份有限公司龙泉支行牛角湾分理处,91530602216991691X,1991-07-01,N/A,沈丽娟,"N/A","与公司经营范围一致",云南,昭通,"云南省昭通市昭阳区珠泉路国防广场3号楼靠东第一间商铺"
云南昭通昭阳农村商业银行股份有限公司龙泉支行,915306022169916758,1991-07-01,N/A,黄晓勤,"N/A","与公司经营范围一致",云南,昭通,"云南省昭通市昭阳区迎宾大道17、19、21、23号"
中国工商银行股份有限公司昆明武成路支行,91530100709774994U,1991-07-01,N/A,范捷,"N/A","按<>核定的范围和时限开展经营活动（依法须经批准的项目，经相关部门批准后方可开展经营活动）",云南,昆明,"云南省昆明市五华区人民中路南廊旺角商城"
中国农业银行股份有限公司屏边苗族自治县支行,91532523217970411T,1991-07-02,N/A,何勇,"N/A","经营中国银行业监督管理委员会依照有关法律、行政法规和其他规定批准的业务，经营范围以批准文件所列的为准。",云南,红河,"云南省红河州屏边县玉屏镇人民路3号"
中国农业银行股份有限公司开远城郊分理处,91532502917927270G,1991-07-04,N/A,陆雪梅,"N/A","许可该机构经营中国银行监督管理委员会依照有关法律、行政法规和其他规定批准的业务，经营范围以批准文件所列的为准。结汇售汇业务，经中国保监会核准的财产险和人身险",云南,红河,"云南省红河州开远市落云路中段“都市林语”小区7幢1楼商铺"
中国农业银行股份有限公司开远市支行,915325022179304360,1991-07-04,N/A,胡俊彪,"N/A","许可该机构经营中国银行监督管理委员会依照有关法律、行政法规和其他规定批准的业务，经营范围以批准文件所列的为准。结汇售汇业务，经中国保监会核准的财产险和人身险",云南,红河,"云南省红河州开远市灵泉东路461号"
中国农业银行股份有限公司富宁城北支行,915326287098326567,1991-07-04,N/A,邓荣勋,"N/A","农村金融业务以及银监会批准的其他金融业务；企业年金业务（依法须经批准的项目，经相关部门批准后方可开展经营活动）",云南,文山,"云南省文山州富宁县文体中路天成体育中心A4-678号"
中国农业银行股份有限公司富宁县支行,91532628218330926W,1991-07-04,N/A,李明,"N/A","对所属机构实施管理与服务，在银监会授权范围内实施金融宏观调控并直接对外办理农村金融业务及经银监会批准的其他金融业务；家财险、与贷款抵押标的物相关的财产保险，企业年金业务（依法须经批准的项目，经相关部门批准后方可开展经营活动）",云南,文山,"云南省文山州富宁县新华镇迎宾路67号"
云南省腾冲县对外经济贸易公司,91530522218991564L,1991-07-06,N/A,彭明富,"187.1400(万元人民币)","土畜产品、非金属矿产品、黑色金属、有色金属、化工原料、轻工产品、纺织品、服装、工艺品、机械设备、仪器仪表、工业用工具、农用工具出口业务；机械设备、仪器仪表、化工原料",云南,保山,"云南省保山市腾冲县腾越镇天成社区银河小区243号"
中国建设银行股份有限公司红河哈尼族彝族自治州分行,91532500217870269G,1991-07-08,N/A,曾晓松,"N/A","经营中国银行业监督管理委员会依照有关法律、行政法规和其他规定批准的业务，经营范围以批准文件所列的为准（依法须经批准的项目，经相关部门批准后方可开展经营活动）",云南,红河,"云南省红河州蒙自市天马路4号"
昆明恒宇惠源科技有限公司,91530112719456228Y,1991-07-08,N/A,李韬鹏,"569(万元人民币)","太阳能热水器、空调设备、通风设备、制冷设备、农用机械设备、烘烤设备、水处理设备、空气净化设备、安防产品、光伏产品、普通机械设备的研发、生产、维修；工业自动化系统控制系统安装；机电工程；金属材料、建筑材料、水暖器材、农用机械设备。烘烤设备、普通机械设备、五金交电、电子产品的销售；货物及技术进出口业务",云南,昆明,"云南省昆明西山区海口工业园区新区"
沧源和源商行有限公司,91530927219641005R,1991-07-10,N/A,李琼,"50(万元人民币)","自营和代理各类商品和技术的进出口。进口：珠宝玉石、矿产品、农副土特产品、林产品、海产品、茶叶、咖啡、橡胶、海鲜产品、水产品、粮食产品（大米、玉米）。出口：日用百货、针纺织品、五金交电、电视机、生产资料、土产日杂、建材、摩托车、各类汽车配件、机械设备及配件、钢材、机电设备、化工产品",云南,临沧,"沧源县勐懂镇广场路"
昆明市红星纸制品厂,91530100216609325P,1991-07-10,国有企业,马林,"149.44万人民币","纸箱，纸管，印刷＊兼营范围：*",云南,昆明,"昆明东郊大石坝96201部队大院内"
中国工商银行股份有限公司开远景山路中段支行,915325029179274067,1991-07-11,N/A,杨丽萍,"N/A","金融业务、财产险、人身险（依法须经批准的项目，经相关部门批准后方可开展经营活动）",云南,红河,"云南省红河州开远市景山路99号2幢2号二楼"
中国工商银行股份有限公司开远智源路支行,91532502917927449L,1991-07-11,N/A,杨丽萍,"N/A","金融业务、财产险、人身险（依法须经批准的项目，经相关部门批准后方可开展经营活动）",云南,红河,"云南省红河州开远市智源路东方佳园商铺B2号"
中国建设银行股份有限公司文山宏光支行,91532600772654282G,1991-07-11,N/A,周华云,"N/A","吸收公众存款；发放短期、中期、长期贷款；办理国内外结算；办理票据承兑与贴现；发行金融债券；代理发行、代理兑付、承销政府债券；买卖政府债券、金融债券；从事同业拆借；买卖、代理买卖外汇；从事银行卡业务；提供信用证服务及担保；代理收付款项及代理保险业务；提供保管箱服务；经中国银行业监督管理机构等监管机构批准的其他业务。",云南,文山,"云南省文山壮族苗族自治州文山市开化北路98号"
中国工商银行股份有限公司开远东桥支行,91532502917927465A,1991-07-11,N/A,杨丽萍,"N/A","金融业务、代理保险（依法须经批准的项目，经相关部门批准后方可开展经营活动）",云南,红河,"云南省红河州开远市灵泉东路394号"
中国工商银行股份有限公司开远支行,915325024321333178,1991-07-11,N/A,杨丽萍,"N/A","金融业务、代理保险（依法须经批准的项目，经相关部门批准后方可开展经营活动）",云南,红河,"云南省红河州开远市东风路94号"
沧源佤族自治县农村信用合作联社勐省分社,9153092757467811X4,1991-07-13,N/A,陈斌,"N/A","农村信贷。",云南,临沧,"云南省临沧市沧源佤族自治县勐省镇"
沧源佤族自治县农村信用合作联社,91530927219641232Y,1991-07-13,N/A,陈斌,"3,266(万元人民币)","农村货币信贷；代理保险业务。",云南,临沧,"云南省临沧市沧源佤族自治县勐懂镇"
沧源佤族自治县农村信用合作联社芒卡分社,91530927574677520T,1991-07-13,N/A,陈斌,"N/A","农村信贷。",云南,临沧,"云南省临沧市沧源佤族自治县芒卡镇"
沧源佤族自治县农村信用合作联社岩帅分社,915309275746776869,1991-07-13,N/A,陈斌,"N/A","农村信贷。",云南,临沧,"云南省临沧市沧源佤族自治县岩帅镇"
沧源佤族自治县农村信用合作联社勐角分社,91530927574677889X,1991-07-13,N/A,陈斌,"N/A","农村信贷。",云南,临沧,"云南省临沧市沧源佤族自治县勐角乡"
腾冲元吉农资有限责任公司综合批发部,91530522MA6KAAH069,1991-07-13,N/A,杨芹丽,"N/A","农膜、化肥、塑料制品、铁竹木小农具、农药器械、钢材、水利工具、日用杂品批发、零售。",云南,保山,"云南省保山市腾冲城关五街忠勇路"
沧源佤族自治县农村信用合作联社班洪分社,91530927574678080U,1991-07-13,N/A,陈斌,"N/A","农村信贷。",云南,临沧,"云南省临沧市沧源佤族自治县班洪乡"
腾冲元吉农资有限责任公司元吉化肥库,91530522MA6KAAK05H,1991-07-13,N/A,杨明从,"N/A","化肥、农药机械批发、零售。",云南,保山,"云南省保山市腾冲市腾越镇华园路元吉村"
沧源佤族自治县农村信用合作联社勐懂分社,91530927574677969H,1991-07-13,N/A,陈斌,"N/A","农村信贷。",云南,临沧,"云南省临沧市沧源佤族自治县勐懂镇广场路"
宁蒗彝族自治县农村信用合作联社战河信用社,91530724219280529C,1991-07-15,N/A,卢清华,"N/A","吸收公众存款；发放短期、中期和长期贷款；办理国内结算；办理票据承兑与贴现；代理发行、代理兑付、承销政府债券；买卖政府债券、金融债券；从事同业拆借；代理收付款项及代理保险业务；提供保管箱服务；经银行业监督管理机构和其他金融监管机构批准的其他业务。",云南,丽江,"宁蒗县战河乡"
腾冲城乡供水有限责任公司观音塘一水厂,91530522MA6L3M0J9G,1991-07-15,N/A,段忠强,"N/A","自来水生产和供应。",云南,保山,"云南省保山市腾冲市腾越镇观音塘社区花园小区2号"
腾冲县饲料工业公司,91530522218992102Q,1991-07-15,N/A,李泰川,"35(万元人民币)","配合饲料、混合饲料产销。兼营范围：销售：配合饲料原料。",云南,保山,"云南省保山市腾冲县腾越镇二街光华西路68号"
腾冲城乡供水有限责任公司,915305222189917679,1991-07-15,N/A,段忠强,"3,000(万元人民币)","自来水生产、供应；矿泉水生产、销售",云南,保山,"云南省保山市腾冲市腾越镇山源社区范家坡小区152号"
云南省交通运输厅机关劳动服务公司,91530102216665255K,1991-07-16,N/A,邓晓明,"53(万元人民币)","家用电器、汽车配件、文具用品、日用百货、普通机械及农副产品的销售（依法须经批准的项目，经相关部门批准后方可开展经营活动）",云南,昆明,"云南省昆明市五华区环城西路1号"
富宁县农村信用合作联社归朝分社,915326282183309775,1991-07-17,N/A,吴廷明,"N/A","吸收公众存款；发放短期、中期和长期贷款；办理国内结算；办理票据承兑与贴现；代理发行、代理兑付、承销政府债券；买卖政府债券、金融债券；从事同业拆借；代理收付款项及代理保险业务；提供保管箱服务；经银行业监督管理机构批准的其他业务（以上范围中涉及国家专项审批的，凭有效的《许可证》、《资质证》开展生产经营）兼营范围：无",云南,文山,"云南省文山州富宁县归朝镇归朝街"
宁蒗彝族自治县农村信用合作联社大兴信用社,915307242192806090,1991-07-17,N/A,邰绪贵,"N/A","吸收公众存款；发放短期、中期和长期贷款；办理国内结算；办理票据承兑与贴现；代理发行、代理兑付、承销政府债券；买卖政府债券、金融债券；从事同业拆借；代理收付款项及代理保险业务；提供保管箱服务；经银行业监督管理机构和其他金融监管机构批准的其他业务。",云南,丽江,"云南省宁蒗县大兴镇万格路579号"
云南西双版纳大渡岗茶叶实业总公司,91532800218570815Y,1991-07-20,N/A,唐海明,"1,800(万元人民币)","茶叶种植、研发、加工、销售；橡胶种植、加工、销售；房屋、土地租赁；旅游景区开发、旅游客运服务；旅游工艺品开发销售；住宿、餐饮、娱乐；汽车配件、润滑油销售；货物进出口、技术进出口；实用科技职业培训；保健品开发销售；茶具、茶叶包装产品生产、销售；日用百货、副食品、预包装食品、食用油、土畜产品、纺织品、服装、文化体育用品、五金交电、机械电子设备、化工材料",云南,西双版纳,"云南省西双版纳州景洪市大渡岗乡"
中国人民财产保险股份有限公司西畴支公司,91532623218230802X,1991-07-20,N/A,董杰,"N/A","财产损失保险、责任保险、信用保险、意外伤害保险、短期健康保险、保证保险等人民币或外币保险业务；与上述业务相关的再保险业务；各类财产保险、意外伤害保险、短期健康保险及其再保险的服务与咨询业务；代理保险机构办理有关业务；国家法律法规规定的或国家保险监管机构批准的其他业务（依法须经批准的项目，经相关部门批准后方可开展经营活动）",云南,文山,"西畴县西洒镇金玉路54号"
宁蒗彝族自治县农村信用合作联社永宁信用社,915307242192804739,1991-07-20,N/A,谢金平,"N/A","吸收公众存款；发放短期、中期和长期贷款；办理国内结算；办理票据承兑与贴现；代理发行、代理兑付、承销政府债券；买卖政府债券、金融债券；从事同业拆借；代理收付款项及代理保险业务；提供保管箱服务；经银行业监督管理机构和其他金融监管机构批准的其他业务。",云南,丽江,"宁蒗县永宁乡"
云南省玉溪汽车运输经贸总公司,915304002176605445,1991-07-23,N/A,孔伟,"1,527.2000(万元人民币)","公路汽车客、货运输，汽车出租服务。兼营范围：汽车维修",云南,玉溪,"云南省玉溪市红塔山环山路"
云南省玉溪市物资大厦有限公司,915304002176605520,1991-07-23,N/A,曾志坚,"271.4486万元人民币","昌河铃木品牌汽车、昌河品牌汽车、农用车、机电产品、工程机械、拖拉机及配件、金属材料、建筑材料、化工产品、五金交电的销售;物资租赁;二手车辆交易市场的管理;代办二手车辆的过户、转籍手续;二手车的经销。(依法须经批准的项目,经相关部门批准后方可开展经营活动)",云南,玉溪,"云南省玉溪市高新区明珠路94号物资大厦"
昆明公路管理总段公路机械工程公司,9153010021658659XA,1991-07-24,N/A,刘伟,"3,750(万元人民币)","公路工程施工总承包贰级；公路路基工程专业承包贰级；公路路面工程专业承包贰级；可承担各级公路标志、标线、防护栏、隔离栅、防眩板工程施工及安装＊＊＊兼营范围：壹类汽车维修；建筑机械出租；冷作铆焊制作（依法须经批准的项目，经相关部门批准后方可开展经营活动）",云南,昆明,"昆明市环城北路264号"
中国人民财产保险股份有限公司牟定支公司,915323237098896014,1991-07-25,N/A,詹联荣,"N/A","承保人民币和外币的各种财产保险业务，包括财产损失保险、责任保险、信用保险等保险业务；承保人民币和外币的短期健康保险和意外伤害保险业务；办理各种法定财产保险业务；与国内外保险公司及有关机构建立代理关系和业务往来关系，代理外国保险机构办理对损失的鉴定和理赔业务及其委托的有关事宜；经批准参加国际保险活动；经中国保监会批准的其它业务；代理人身、健康类险种（依法须经批准的项目，经相关部门批准后方可开展经营活动）",云南,楚雄,"云南省楚雄州牟定县城茅阳路"
昆明兴海绿化股份有限公司工会委员会,81530100792861131C,1991-07-26,N/A,袁兵,"3,717.8700(万元人民币)","园林园艺的设计和施工；生态、环境治理工程。花卉、苗木、蔬菜、经济林果生产与经营",云南,昆明,"昆明市红塔东路21号6幢"
昆明兴海绿化股份有限公司,91530100216586709E,1991-07-26,N/A,施俊,"3,717.8700(万元人民币)","园林园艺的设计和施工；生态、环境治理工程；花卉、苗木、蔬菜、经济林果生产与经营；自有房屋租赁",云南,昆明,"云南省昆明市滇池度假区广福路中天融域二期24幢二单元401、406号"
云南大地石业(集团)红河经济贸易有限公司,91530000216586880B,1991-07-26,N/A,郭学良,"3,718(万元人民币)","矿产品、金属材料、建筑材料、五金交电、化工产品（不含管理商品），电子计算机及配件，仪器仪表、普通机械、电子产品、粮油及制品、工艺美术品、汽车配件、拖拉机配件，珠宝玉石、百货、农副产品，造纸、冶金技术的咨询（涉及专项审批的凭许可证开展经营）",云南,昆明,"云南省昆明市春城路204号"
宣威市龙场供销合作社,915303812172942658,1991-07-27,集体所有制,吕正江,"165.2万人民币","百货.针纺织品.五金交电.化工(不含化工原料).日用杂品.农业生产资料*兼营范围：收购废旧物资.农副产品(不含烟叶)*",云南,曲靖,"云南省曲靖市宣威市龙场乡"
中国工商银行股份有限公司文山南苑支行,91532600592011263T,1991-07-29,N/A,李文清,"N/A","吸收公众存款；发放人民币短期、中期和长期贷款；办理人民币结算；办理票据贴现；经中国银行业监督管理委员会批准的其他业务。",云南,文山,"云南省文山壮族苗族自治州文山市开化中路银都佳园一楼开化中路银都佳园一楼"
中国人民财产保险股份有限公司丘北支公司,9153262621829008X6,1991-07-29,N/A,孟联文,"N/A","财产损失保险、责任保险、信用保险、意外伤害保险、短期健康保险、保证保险等人民币或外币保险业务；与上述业务相关的再保险业务；各类财产保险、意外伤害保险、短期健康保险及其再保险的服务与咨询业务；代理保险机构办理有关业务；国家法律法规规定的或国家保险监管机构批准的其他业务。",云南,文山,"丘北县锦屏镇重阳街36号"
中国建设银行股份有限公司丘北支行,915326262182900986,1991-07-30,N/A,袁自胜,"N/A","吸收公众存款；发放短期、中期、长期贷款；办理国内外结算；办理票据承兑与贴现；发行金融债券；代理发行、代理兑付、承销政府债券；买卖政府债券、金融债券；从事同业拆借；买卖、代理买卖外汇；从事银行卡业务；提供信用证服务及担保；代理收付款及代理保险业务；提供保管箱服务；经中国银行业监督管理机构等监管机构批准的其他业务",云南,文山,"云南省文山州丘北县锦屏镇彩云街2号"
昆明云泰贸易公司河口县红溪商行,91532532218150896C,1991-07-31,N/A,胡坤,"50(万元人民币)","日用百货、针纺织品、服装鞋帽、家用电器、文娱用品、体育用品、照相器材、水产品、日用杂品、日用化学品、边贸进口木材、根艺、家具。兼营范围：电机、汽车配件、化工原料(不含危险化学品)、建材、广播发射设备、矿产品、摩托车、汽车",云南,红河,"云南省红河州河口县滨河路17号"
腾冲县供销合作社明光基社,9153052221899137XP,1991-08-01,集体所有制,胡春禄,"102.34万人民币","化肥、农药、农具、农器械、农膜、日用百货、针纺织品、五金交电、服装、鞋帽、家具、日用杂品。兼营范围：建材、钢材、农副产品销售、废旧物资回收。",云南,保山,"云南省保山市腾冲县明光乡小辛街"
中国工商银行股份有限公司昆明润城支行,9153010070977402XY,1991-08-01,N/A,马军辉,"N/A","按<>核定的范围和时限开展经营活动（依法须经批准的项目，经相关部门批准后方可开展经营活动）",云南,昆明,"云南省昆明市西山区日新中路618号润城小区第一大道LOFT A 栋一层101-102号商铺"
腾冲玉通商贸有限责任公司,915305222189921456,1991-08-01,N/A,王加根,"76(万元人民币)","纯天然珠宝玉器、针纺织品、日用百货、五金交电、农副产品、化工产品",云南,保山,"云南省保山市腾冲市腾越镇秀峰社区泰安小区219号"
景谷傣族彝族自治县农村信用合作联社钟山信用社,91530824218451269K,1991-08-01,N/A,苏大明,"N/A","金融业务。",云南,普洱,"云南省普洱市景谷县文明路26号"
宁蒗彝族自治县农村信用合作联社红桥信用社,9153072421928049XU,1991-08-01,N/A,卢鑫,"N/A","吸收公众存款；发放短期、中期和长期贷款；办理国内结算；办理票据承兑与贴现；代理发行、代理兑付、承销政府债券；买卖政府债券、金融债券；从事同业拆借；代理收付款项及代理保险业务；提供保管箱服务；经银行业监督管理机构和其他金融监管机构批准的其他业务。",云南,丽江,"云南省丽江市宁蒗彝族自治县红桥乡"
云南益昇药业有限公司,91530300217221250H,1991-08-01,N/A,桂宝庆,"960(万)","胶囊剂、片剂、颗粒剂、酊剂、软膏剂、原料药生产的筹建",云南,曲靖,"云南省曲靖市经济技术开发区瑞和西路"
昆明金方金属制品有限公司,91530181216822660R,1991-08-02,N/A,徐开荣,"680(万元人民币)","冷拔丝、圆钢钉、镀锌铁丝、冷轧带肋螺纹钢的生产销售；磷铁加工；钢材、矿产品、机械配件、电器设备的销售；进出口贸易（依法须经批准的项目，经相关部门批准后方可开展经营活动）",云南,昆明,"安宁市连然镇神平村"
中国工商银行股份有限公司昆明翠湖支行,915301007097760253,1991-08-02,N/A,沈璐,"N/A","按《金融许可证》核定的范围和时限开展经营活动（依法须经批准的项目，经相关部门批准后方可开展经营活动）",云南,昆明,"云南省昆明市翠湖东路1号翠湖太龙公馆"
中国工商银行股份有限公司昆明螺蛳湾支行,915301007097739403,1991-08-02,N/A,宋娟,"N/A","按金融许可证核定的范围和时限开展经营活动（依法须经批准的项目，经相关部门批准后方可开展经营活动）",云南,昆明,"昆明市环城南路668号云纺商业区建材市场东南亚商城A座一楼79号二楼92号"
昆明恒跃建筑装饰工程有限公司,91530112216756448Q,1991-08-02,N/A,张会莲,"304.7000(万元人民币)","建筑室内、室外装修装饰工程（建筑工程除外）、园林绿化服务；家具、建筑材料、建筑装饰材料、五金、胶合板的销售",云南,昆明,"云南省昆明市西山区明波明河路107号1幢1-3层"
红河州烟草公司泸西分公司逸圃烟叶工作站,91532527918055769N,1991-08-02,N/A,陈俊鸿,"N/A","烤烟兼营范围：烟草专用化肥、农药、农膜、烟用物资",云南,红河,"云南省红河州泸西县逸圃村委会"
中国工商银行股份有限公司昆明昆州路支行,91530100709775997C,1991-08-02,N/A,吴鹏,"N/A","经营中国银行业监督管理委员会依照有关法律、行政法规和其他规定批准的业务（按《金融许可证》核定的范围及时限开展经营活动）（依法须经批准的项目，经相关部门批准后方可开展经营活动）",云南,昆明,"昆明市西山区马街新区昆州路云南医药物流中心7—1、7—2号商铺一、二楼"
云南大地石业(集团)红河宾馆有限公司,91530000916610562Y,1991-08-03,N/A,郭学良,"1,000(万元人民币)","住宿、停车场、饮食服务；家政服务，附设商品部、酒糖茶，糕点、食品罐头、山茶，豆制品、密饯果脯，林产调味品、食用菌（松茸除外），饮料，针纺织品等，自行车出租，洗涤",云南,昆明,"云南省昆明市春城路204号"
中国建设银行股份有限公司开远东新路支行,915325029179418655,1991-08-03,N/A,武方彩,"N/A","金融服务；财产险、人身险业务（依法须经批准的项目，经相关部门批准后方可开展经营活动）",云南,红河,"云南省红河州开远市东新路金兰家园庆丰大院1幢4-8号商铺"
中国工商银行股份有限公司昆明西坝支行,91530100709774118J,1991-08-05,N/A,朱静媛,"N/A","按<>核定的范围和时限开展经营活动（依法须经批准的项目，经相关部门批准后方可开展经营活动）",云南,昆明,"昆明市安康路197号"
中国工商银行股份有限公司昆明前兴路支行,91530100709774126D,1991-08-05,N/A,孔德晋,"N/A","按金融许可证核定的范围和时限开展经营活动（依法须经批准的项目，经相关部门批准后方可开展经营活动）",云南,昆明,"云南省昆明市西山区前兴路云南省公路开发投资有限公司大楼附楼1层"
中国工商银行股份有限公司昆明西华园支行,91530100709774003C,1991-08-05,N/A,康玉娟,"N/A","按<>核定的范围和时限开展经营活动（依法须经批准的项目，经相关部门批准后方可开展经营活动）",云南,昆明,"云南省昆明市西华小区昆明泛舟娱乐有限公司一楼"
中国工商银行股份有限公司昆明佳园支行,91530100709774046R,1991-08-05,N/A,常耀,"N/A","经营中国银行业监督管理委员会依照有关法律、行政法规和其他规定批准的业务（按《金融许可证》核定的范围和时限开展经营活动）（依法须经批准的项目，经相关部门批准后方可开展经营活动）",云南,昆明,"昆明市龙华路49号"
中国工商银行股份有限公司昆明交三桥支行,915301007097740117,1991-08-05,N/A,李超,"N/A","按<>核定的范围和时限开展经营活动（依法须经批准的项目，经相关部门批准后方可开展经营活动）",云南,昆明,"昆明市人民东路110号"
中国工商银行股份有限公司昆明十里长街支行,915301007097760178,1991-08-05,N/A,楼亚斌,"N/A","许可该机构经营中国银行业监督管理委员会依照有关法律、行政法规和其他规定批准的业务、经营范围以批准文件所列的为准按《金融许可证》核定的范围及时限开展经营活动（依法须经批准的项目，经相关部门批准后方可开展经营活动）",云南,昆明,"昆明市南市区十里长街凯旋花园小区商业区05栋商铺"
中国工商银行股份有限公司昆明东寺街支行,91530100709773967T,1991-08-05,N/A,宁格加,"N/A","按金融许可证核定的范围和时限开展经营活动（依法须经批准的项目，经相关部门批准后方可开展经营活动）",云南,昆明,"云南省昆明东寺街300号金碧商城1楼"
中国工商银行股份有限公司昆明玫瑰湾支行,91530111709774054J,1991-08-05,N/A,尹桦,"N/A","按《金融许可证》核定的范围和时限开展经营活动（依法须经批准的项目，经相关部门批准后方可开展经营活动）",云南,昆明,"云南省昆明市官渡区南市区官南大道玫瑰湾商铺S055、S056号"
中国工商银行股份有限公司昆明金源支行,91530100709774070A,1991-08-05,N/A,陈宇,"N/A","按金融许可证核定的范围和时限开展经营活动（依法须经批准的项目，经相关部门批准后方可开展经营活动）",云南,昆明,"昆明市五华区银河大道和谐世纪商铺E3-1-1-01号商网"
中国工商银行股份有限公司昆明新闻路支行,91530100709776041Q,1991-08-05,N/A,武丹,"N/A","吸收个人人民币储蓄存款，外币储蓄存款；外币兑换；经中国人民银行批准的其它业务（按《金融许可证》核定的范围和时限开展经营活动）（依法须经批准的项目，经相关部门批准后方可开展经营活动）",云南,昆明,"云南省昆明市新闻路308号"
中国工商银行股份有限公司昆明阳光支行,91530100709776076B,1991-08-05,N/A,刘希,"N/A","按《金融许可证》核定的范围和时限开展经营活动（依法须经批准的项目，经相关部门批准后方可开展经营活动）",云南,昆明,"云南省昆明市滇池路阳光花园昊苑3幢32-35号"
中国工商银行股份有限公司昆明虹山支行,91530100709776009D,1991-08-06,N/A,尹浩达,"N/A","经营中国银行业监督管理委员会依照有关法律、行政法规和其他规定批准的业务（按《金融许可证》核定的范围及时限开展经营活动）（依法须经批准的项目，经相关部门批准后方可开展经营活动）",云南,昆明,"云南省昆明市五华区滇缅大道107号"
中国工商银行股份有限公司昆明西站支行,9153010070977605XG,1991-08-06,N/A,徐杰,"N/A","吸收公众存款，发放人民币短期、中期和长期贷款；办理人民币结算；办理票据贴现；办理经中国人民银行批准的其它业务（按《金融许可证》核定的范围及时限开展经营活动）（依法须经批准的项目，经相关部门批准后方可开展经营活动）",云南,昆明,"云南省昆明市交林路4号"
中国工商银行股份有限公司昆明西昌路支行,91530100709776068G,1991-08-06,N/A,陈香萍,"N/A","吸收公众存款，发放人民币短期、中期和长期贷款，办理人民币结算，办理票据贴现，经中国人民银行批准的其它业务（按《金融许可证》核定的范围和时限开展经营活动）（依法须经批准的项目，经相关部门批准后方可开展经营活动）",云南,昆明,"昆明市西昌路124号"
中国工商银行股份有限公司昆明海源中路支行,915301007482828880,1991-08-06,N/A,叶琳,"N/A","按《金融许可证》核定的范围和时限开展经营活动（依法须经批准的项目，经相关部门批准后方可开展经营活动）",云南,昆明,"云南省昆明市高新开发区海源中路汇金城市商业广场A-03、A-05、A-06号商铺"
中国工商银行股份有限公司昆明世纪城支行,91530111709776092Y,1991-08-06,N/A,尹娟,"N/A","按《金融许可证》核定的范围和时限开展经营活动",云南,昆明,"云南省昆明市世纪金源国际商务中心2幢1A、1B号"
昆明佰林广播电视网络传输有限公司,91530111216657829N,1991-08-07,N/A,罗柏林,"300(万元人民币)","有线电视网络设计、建设、安装、维护、管理；音频网络工程、照明工程的设计及施工；计算机技术服务（依法须经批准的项目，经相关部门批准后方可开展经营活动）",云南,昆明,"云南省昆明市西山区滇池路郑家河村福苑小区26、27、28号商铺"
云南省第六建筑工程公司劳动服务公司水泥构件厂,91530100216728308R,1991-08-07,N/A,李志华,"49.8000(万元人民币)","水泥混泥土制品、水泥予制构件＊兼营范围：（依法须经批准的项目，经相关部门批准后方可开展经营活动）",云南,昆明,"昆明经开区阿拉街道办事处西邑村145号"
中国工商银行股份有限公司昆明茭菱路支行,91530100709775970L,1991-08-07,N/A,何苹,"N/A","金融服务（按《金融许可证》核定的范围和时限开展经营活动）（依法须经批准的项目，经相关部门批准后方可开展经营活动）",云南,昆明,"云南省昆明市高新区R-3地块经典名居5幢1-2层103号"
景谷傣族彝族自治县农村信用合作联社碧安信用社,915308242184511890,1991-08-07,N/A,苏大明,"N/A","金融业务。",云南,普洱,"云南省普洱市景谷县碧安乡"
景谷傣族彝族自治县农村信用合作联社景谷信用社,91530824218451197T,1991-08-07,N/A,苏大明,"N/A","金融业务。",云南,普洱,"云南省普洱市景谷县景谷镇"
景谷傣族彝族自治县农村信用合作联社凤山信用社,915308242184512341,1991-08-07,N/A,苏大明,"N/A","金融业务。",云南,普洱,"云南省普洱市景谷凤山乡"
景谷傣族彝族自治县城乡建筑公司,915308247343200385,1991-08-07,N/A,李宏,"629.9000(万元人民币)","土木工程建筑业、建筑材料。",云南,普洱,"云南省普洱市景谷县人民路38号"
景谷傣族彝族自治县农村信用合作联社民乐信用社,915308242184511703,1991-08-07,N/A,苏大明,"N/A","金融业务。",云南,普洱,"云南省普洱市景谷县民乐镇"
玉溪鑫沄建筑装饰工程有限公司,91530402MA6K3T810X,1991-08-08,N/A,江兴,"4.5000(万)","水泥小构件（花窗、花格、地板砖、阴井盖板、隔热板）＊兼营范围：模板、模具、予埋件制造，水泥、砂石料销售",云南,玉溪,"云南省玉溪市红塔区棋阳路延长线武装部5幢24号"
禄丰县一平浪建筑工程公司建新旅社,91532331MA6K5JUX6J,1991-08-09,N/A,何文清,"N/A","许可经营项目：住宿。兼营范围：",云南,楚雄,"禄丰县一平浪镇老街300号"
昆明食品(集团)活猪贸易有限责任公司,915301002165868485,1991-08-12,N/A,张亚春,"160(万元人民币)","保留执照，不得开展经营活动（依法须经批准的项目，经相关部门批准后方可开展经营活动）",云南,昆明,"昆明市官渡区金马镇"
昆明路通门窗有限公司,91530102216756528W,1991-08-13,N/A,钟永财,"50(万元人民币)","塑钢门窗、铝合金门窗、钢门窗、不锈钢门窗、玻璃幕墙、金属栅栏的生产销售；冷作铆焊；五金加工；装饰材料（危险化学品除外）、水暖管件的销售；安全技术防范工程的设计及施工（依法须经批准的项目，经相关部门批准后方可开展经营活动）",云南,昆明,"云南省昆明市五华区黑林铺联家村委会尹家村"
禄丰县一平浪建筑工程公司,91532331217640818G,1991-08-14,N/A,唐建国,"445.2000(万元人民币)","装卸、搬运、包装服务；日用杂品、建筑用小五金制品、水暖管件、油漆涂料、劳动保护用品、陶瓷制品、建筑装饰材料的销售；钢铝门窗加工、销售；住宿服务。兼营范围：",云南,楚雄,"禄丰县一平浪镇老街300号"
昆明宏祥瑞工贸有限责任公司,9153010021674528X7,1991-08-16,N/A,李娜,"503.8000(万元人民币)","国内贸易、物资供销；货物进出口、技术进出口；以下经营范围仅限分公司经营：橡胶制品、普通机械设备的生产、加工（依法须经批准的项目，经相关部门批准后方可开展经营活动）",云南,昆明,"云南省昆明市官渡区别样幸福城2号地块2-2幢306室"
丽江市古城区金山供销社综合批发部,91530702MA6K35372M,1991-08-18,集体分支机构(非法人),和鸿生,"N/A","粮、油、食品、副食品、日用百货、五金交电、针纺织品、烟",云南,丽江,"云南省丽江市古城区义尚文林村"
云南临沧临翔农村商业银行股份有限公司北郊支行,91530902052236648A,1991-08-20,N/A,孟锡霖,"N/A","吸取公众存款；发放短期、中期和长期贷款；办理国内结算；办理票据承兑与贴现；代理发行、代理兑付、承销政府债券；买卖政府债券、金融债券；从事同业拆借；提供保管箱服务；代理收付款项及代理保险业务；经银行监督管理机构批准的其它业务兼营范围：（依法须经批准的项目，经相关部门批准后方可开展经营活动）",云南,临沧,"云南省临沧市临翔区章嘎社区沧江路115号临都上城商业中心第四幢"
云南临沧临翔农村商业银行股份有限公司蚂蚁堆支行,9153090205223655XN,1991-08-20,N/A,刘柘,"N/A","吸取公众存款；发放短期、中期和长期贷款；办理国内结算；办理票据承兑与贴现；代理发行、代理兑付、承销政府债券；买卖政府债券、金融债券；从事同业拆借；提供保管箱服务；代理收付款项及代理保险业务；经银行监督管理机构批准的其它业务兼营范围：（依法须经批准的项目，经相关部门批准后方可开展经营活动）",云南,临沧,"云南省临沧市临翔区蚂蚁堆乡蚂蚁堆街"
云南临沧临翔农村商业银行股份有限公司章驮支行,91530902052236613P,1991-08-20,N/A,徐昌斌,"N/A","吸取公众存款；发放短期、中期和长期贷款；办理国内结算；办理票据承兑与贴现；代理发行、代理兑付、承销政府债券；买卖政府债券、金融债券；从事同业拆借；提供保管箱服务；代理收付款项及代理保险业务；经银行监督管理机构批准的其它业务兼营范围：",云南,临沧,"云南省临沧市临翔区章驮乡章驮街"
云南临沧临翔农村商业银行股份有限公司博尚支行,915309020522362939,1991-08-20,N/A,杨理光,"N/A","吸取公众存款；发放短期、中期和长期贷款；办理国内结算；办理票据承兑与贴现；代理发行、代理兑付、承销政府债券；买卖政府债券、金融债券；从事同业拆借；提供保管箱服务；代理收付款项及代理保险业务；经银行监督管理机构批准的其它业务兼营范围：（依法须经批准的项目，经相关部门批准后方可开展经营活动）",云南,临沧,"云南省临沧市临翔区博尚镇老街"
云南临沧临翔农村商业银行股份有限公司南天路支行,915309020522363652,1991-08-20,N/A,杨文芳,"N/A","吸取公众存款；发放短期、中期和长期贷款；办理国内结算；办理票据承兑与贴现；代理发行、代理兑付、承销政府债券；买卖政府债券、金融债券；从事同业拆借；提供保管箱服务；代理收付款项及代理保险业务；经银行监督管理机构批准的其它业务兼营范围：（依法须经批准的项目，经相关部门批准后方可开展经营活动）",云南,临沧,"云南省临沧市临翔区菜园社区圈掌街71号"
云南临沧临翔农村商业银行股份有限公司,915309022195020801,1991-08-20,N/A,李荣春,"19,772(万元人民币)","吸收公众存款；发放短期、中期和长期贷款；办理国内结算；办理票据承兑与贴现；代理发行、代理兑付、承销政府债券；买卖政府债券、金融债券；从事同业拆借；经银行业监督管理机构批准的其他业务；提供保管箱服务；代理收付款项及代理保险业务（依法须经批准的项目，经相关部门批准后方可开展经营活动）",云南,临沧,"云南省临沧市临翔区凤翔路176号"
云南临沧临翔农村商业银行股份有限公司圈内支行,91530902052237122G,1991-08-20,N/A,张永德,"N/A","吸取公众存款；发放短期、中期和长期贷款；办理国内结算；办理票据承兑与贴现；代理发行、代理兑付、承销政府债券；买卖政府债券、金融债券；从事同业拆借；提供保管箱服务；代理收付款项及代理保险业务；经银行监督管理机构批准的其它业务兼营范围：（依法须经批准的项目，经相关部门批准后方可开展经营活动）",云南,临沧,"云南省临沧市临翔区圈内乡圈内村"
中国工商银行股份有限公司昆明前卫支行,9153010070977410XJ,1991-08-21,N/A,晋玉轩,"N/A","按<>核定的范围和时限开展经营活动（依法须经批准的项目，经相关部门批准后方可开展经营活动）",云南,昆明,"云南省昆明市前卫西路世纪半岛三期“橄榄谷”38栋1-5号商铺"
中国农业银行股份有限公司腾冲滇滩支行,915305229189996390,1991-08-21,N/A,明承安,"N/A","吸收公众存款；发放人民币短期、中期和长期贷款；办理人民币结算；办理票据贴现；外汇存款、外汇兑换、国际结算；结汇、售汇；资信调查、咨询、见证业务；经中国银行业监督管理机构批准的其他业务。",云南,保山,"云南省保山市腾冲市滇滩镇联族社区麻栗坝小组235号"
中国农业银行股份有限公司腾冲翡翠支行,91530522918999559C,1991-08-21,N/A,赵飞雪,"N/A","吸收公众存款;发放人民币短期、中期和长期贷款；办理人民币结算；办理票据贴现；外汇存款、外汇兑换、国际结算；结汇、售汇；资信调查、咨询、见证业务；经中国银行业监督管理机构批准的其他业务。",云南,保山,"云南省保山市腾冲市腾越镇观音塘社区玉泉小区15号"
昆明锦彪工贸有限责任公司,91530112719446476H,1991-08-21,N/A,胡文彪,"205.4000(万元人民币)","复合防盗门窗、防火门窗、铝合金门窗、钢门窗、普通机械、建筑用小五金制品的销售及上门安装；以下项目限分公司经营：复合防盗门窗、防火门窗、铝合金门窗、钢门窗、普通机械、建筑用小五金制品的生产、加工；冷作铆焊。",云南,昆明,"云南省昆明市西山区昆州路1565号1栋2单元902室"
中国工商银行股份有限公司腾冲腾越支行,915305229189994521,1991-08-21,N/A,唐欣婷,"N/A","吸收公众存款；发放人民币短期、中期和长期贷款；办理人民币结算；办理票据贴现；外汇存款、外汇兑换、国际结算；结汇、售汇；资信调查、咨询、见证业务；经中国银行业监督管理机构批准的其他业务。",云南,保山,"云南省保山市腾冲市腾越镇天成社区顺华小区3号"
中国农业银行股份有限公司腾冲极边支行,91530522918999540F,1991-08-21,N/A,徐兆光,"N/A","吸收公众存款；发放人民币短期、中期和长期贷款；办理人民币结算；办理票据贴现；外汇存款、外汇兑换、国际结算；结汇、售汇，资信调查、咨询、见证业务；经中国银行业监督管理机构批准的其他业务。",云南,保山,"云南省保山市腾冲市腾越镇秀峰社区顺城小区15号"
中国工商银行股份有限公司腾冲三八支行,91530522918999479Q,1991-08-21,N/A,江丽萍,"N/A","吸收公众存款；发放人民币短期、中期和长期贷款；办理人民币结算；办理票据贴现；外汇存款、外汇兑换、国际结算；结汇、售汇；资信调查、咨询、见证业务；经中国银行业监督管理机构批准的其他业务。",云南,保山,"云南省保山市腾冲市腾越镇天成社区晋家园小区14号"
中国农业银行股份有限公司腾冲明光分理处,91530522918999591P,1991-08-21,N/A,张文总,"N/A","吸收公众存款；发放人民币短期、中期和长期贷款；办理人民币结算；办理票据贴现；经中国人民银行批准的其它业务。代理保险兼业业务，家财险、长期寿险、人身意外伤害保险、与贷款抵押物有关的财产保险。",云南,保山,"云南省保山市腾冲市明光镇辛街"
中国农业银行股份有限公司腾冲固东支行,91530522918999583W,1991-08-21,N/A,李仕龙,"N/A","吸收公众存款；发放人民币短期、中期和长期贷款；办理人民币结算；办理票据贴现；外汇存款、外汇兑换、国际结算；结汇、售汇；资信调查、咨询、见证业务；经中国银行业监督管理机构批准的其他业务。",云南,保山,"云南省保山市腾冲市固东镇固东街"
云南腾冲农村商业银行股份有限公司,91530522662628438F,1991-08-28,N/A,文文,"33,162.6631(万元人民币)","吸收公众存款；发放短期、中期和长期贷款；办理国内结算；办理票据承兑与贴现；代理发行、代理兑付、承销政府债券；买卖政府债券、金融债券；从事同业拆借；代理收付款项及代理保险业务；提供保管箱业务；外汇业务",云南,保山,"云南省保山市腾冲市腾越镇秀峰社区新闻一小区3号"
龙陵县糖业烟酒公司东卡商场,91530523770459256Q,1991-09-02,N/A,靳贤明,"N/A","针纺织品、其它食品、百货、五金、交电、日用杂品、工业品、水果、食用盐。兼营范围：",云南,保山,"云南省保山市龙陵县龙山镇龙山中路"
昆明永达纺织品有限公司,91530111216658047C,1991-09-03,N/A,张永扬,"50(万元人民币)","针纺织品、服装、鞋帽、日用百货、家用电器、建筑材料、装饰材料的销售",云南,昆明,"云南省昆明市官渡区前卫营小区永胜路27号2幢5单元202号"
开远市红泥服务有限公司,91532502217922620E,1991-09-04,N/A,宽双媛,"3(万元人民币)","装卸、搬运、水泥堆码兼营范围：水泥纸袋",云南,红河,"云南省红河州开远市西南路黄莲坡"
云南磷化集团有限公司,91530000216524401J,1991-09-06,N/A,崔周全,"203204.540000万人民币","浮选药剂和药剂合成研究,选矿工艺矿物学研究和分析测试实验,浮选柱设备和自动控制系统工业化试验研究,地质环境恢复治理研究,磷资源开采技术研究,磷化工技术研究,尾矿利用技术研究,数字矿山设计及科技成果推广应用。磷矿石采选、销售;磷矿石系列产品,化肥、磷化工及其它化工产品;矿产品、化工机械;饲料添加剂(磷酸氢钙、磷酸二氢钙)生产销售;易燃固体、自燃物品和遇湿易燃物品、腐蚀品的销售;建材、能源及电子产品的开发、生产和应用;矿山建筑,矿山机电设备修理;非标设备制造和电镀;本企业产品的出口;本企业产品生产、科研所需原材料机械设备、仪器仪表、零配件的进口;润滑油;固体矿产勘查(丙级);农产品及其它产品国内贸易、国际贸易;普通货运;技术服务;商业服务;土地、房产租赁;矿业设备开发及销售、设备租赁、硫酸、磷酸、氟硅酸、氟硅酸钠生产销售;矿业工艺设计、花卉及农林苗木种植及销售、农副产品销售;浮选药剂生产及销售;石料、石渣、土石、砂的加工及销售。(涉及专项审批的除外)(依法须经批准的项目,经相关部门批准后方可开展经营活动)",云南,昆明,"云南省昆明市晋宁县昆阳镇月山中路"
中国人民财产保险股份有限公司永善支公司,91530625217101988R,1991-09-09,N/A,胡吉文,"N/A","财产损失保险、责任保险、信用保险、意外伤害保险、、短期健康保险、保证保险人民币或外币保险业务；与上述业务相关的再保险业务；各类财产保险、意外伤害保险、短期健康保险及其保险及其再保险的服务与咨询业务，代理保险机构办理有关业务，国家法律、法规允许的投资和资金运用业务，国家法律、法规规定的或国家保险监管机构批准的其他业务。",云南,昭通,"云南省昭通市永善县溪洛渡镇玉泉路"
昆明美特铸造有限公司,91530100216574310N,1991-09-09,N/A,杨碧昆,"800(万元人民币)","有色金属铸件、铸铁件制造；机械零部件加工；矿产品、珠宝玉器、电梯及配件、普通机械及配件、电器机械及器材、五金交电、电子产品、仪器仪表、办公设备、橡胶制品、建筑材料、装饰材料、金属材料、塑料制品、水暖器材、针纺织品、文化用品、工艺美术品、电线电缆、家用电器、日用百货、汽车配件、摩托车配件、计算机及配件的销售（依法须经批准的项目，经相关部门批准后方可开展经营活动）",云南,昆明,"昆明市黄土坡昆沙路69号"
云南云珠防水建材有限公司,91530402217674786C,1991-09-10,N/A,周正安,"500(万元人民币)","建筑防水材料、ESP泡沫保温材料生产、销售；化工原料",云南,玉溪,"云南省玉溪市红塔区李棋镇下赫村"
昆明德泽商贸有限公司,91530100916563081G,1991-09-16,N/A,柏登云,"30(万元人民币)","国内贸易、物资供销（依法须经批准的项目，经相关部门批准后方可开展经营活动）",云南,昆明,"云南省昆明市西山区马洒营小区14幢1单元1层1号"
玉溪嶍泽食用油脂有限公司,91530426582380014L,1991-09-16,N/A,柏登云,"30(万元人民币)","国内贸易、物资供销（依法须经批准的项目，经相关部门批准后方可开展经营活动）",云南,玉溪,"峨山县小街街道办事处兴旺村委会年景村122号"
昆明联社贸易总公司,91530100216587613E,1991-09-17,N/A,蒋新艺,"1,116(万)","百货、工艺美术品、针纺织品、五金交电、炊事用具、家具、酒、金属材料、普通机械、电器机械、纸、纸制品、文教用品仪器仪表、计量衡器具、农副产品、建筑材料、电子计算机、摩托车配件、汽车配件、装饰材料、日用杂品、石腊；承办会议；企业管理咨询兼营范围：",云南,昆明,"昆明市北京路102号"
中国工商银行股份有限公司安宁昆钢支行,91530181292099240W,1991-09-18,N/A,李春燕,"N/A","按《金融许可证》核定的范围和时限开展经营活动。",云南,昆明,"云南省昆明市安宁市昆钢晓塘东路34幢"
中国工商银行股份有限公司昆明吴井支行,91530100709775436N,1991-09-19,N/A,刘浩宇,"N/A","经营中国银行业监督管理委员会依照有关法律、行政法规和其他规定批准的业务，经营范围以批准文件所列的为准（依法须经批准的项目，经相关部门批准后方可开展经营活动）",云南,昆明,"昆明市民航路3号百大城市理想花园1期A区1幢101-102号商铺"
昆明金河化工有限责任公司第一分公司,9153011175356162XH,1991-09-23,N/A,邓丽蓉,"N/A","五金交电、建筑材料、汽车配件、水性涂料的销售。",云南,昆明,"云南省昆明市官渡区小板桥街道办事处中林建材城涂料、油漆、装饰五金交易F区10幢1、2号"
中国石化销售有限公司云南德宏瑞丽加油站,91533102795185079H,1991-09-25,N/A,谢云华,"N/A","汽油、煤油、柴油、润滑油脂、石化产品、预包装食品、乳制品（不含婴幼儿配方乳粉）、日用百货零售；洗车服务；石油制品、石油沥青制品、其他化工原料及产品（不含危险化学品）、纺织品、服装、五金产品、家用电器、电子产品、电话充值卡、书报刊、电子出版物、音像制品销售；票务代理服务；广告设计、制作、代理、发布服务（依法须经批准的项目，经相关部门批准后方可开展经营活动）",云南,德宏,"云南省德宏州瑞丽市瑞京路10号"
昆明新华书店连锁有限公司现代办公经营部,915301009166004953,1991-10-01,N/A,段朝耀,"N/A","文化用品、体育用品、电子产品、家用电器、钟表眼镜、计算机及配件、普通机械及配件、通信设备、照相器材、珠宝首饰、工艺美术品、百货、教学设备、乐器、服装、道具、安防设备、家具、自行车、五金的销售；计算机软硬件的应用及培训；设计、制作、代理、发布国内各类广告（依法须经批准的项目，经相关部门批准后方可开展经营活动）",云南,昆明,"云南省昆明市盘龙区人民东路6号"
昆明市果品有限公司塘子巷门市,915301007452968970,1991-10-01,N/A,胡晓昆,"N/A","预包装食品的销售；烟（零售）（依法须经批准的项目，经相关部门批准后方可开展经营活动）",云南,昆明,"昆明市拓东路263号云烟大楼一楼"
昆明轻工彩印包装有限公司,91530100748284269D,1991-10-01,有限责任公司,胡敏跃,"200万人民币","按《印刷经营许可证》核准的范围及时限开展经营（依法须经批准的项目，经相关部门批准后方可开展经营活动）",云南,昆明,"云南省昆明市官渡区国际包装印刷城标准厂房B区5幢-1A"
昆明市文学艺术界联合会服务公司,91530100216578127Y,1991-10-01,N/A,欧阳红军,"33(万元人民币)","工艺美术品、艺术服装、照相器材、音响设备、农副土特产品、文化用品、建筑材料、电器机械及器材＊兼营范围：摄影、摄相（依法须经批准的项目，经相关部门批准后方可开展经营活动）",云南,昆明,"云南省昆明市滇池路3.5公里"
中国人民财产保险股份有限公司昆明市分公司直属业务部,91530100713436365E,1991-10-01,N/A,周德永,"N/A","按照《经营保险业务许可证》核定的业务范围开展经营活动",云南,昆明,"昆明市东风西路123号"
昆明民用建筑设计研究院有限公司,91530100431363030F,1991-10-01,N/A,吴卫新,"300(万元人民币)","城乡规划编制丙级（承担建制镇总体规划的编制和修订；20万人口以下城市的详细规划及各种专项规划的编制；集镇和村庄规划的编制；中、小型建设工程项目规划选址的可行性研究）；建筑行业（建筑工程）甲级（可承担建筑装饰工程设计、建筑幕墙工程设计、轻型钢结构工程设计、建筑智能化系统设计、照明工程设计和消防设施工程设计相应范围的甲级专项工程设计业务；可从事资质证书许可范围内相应的建设工程总承包业务以及项目管理和相关的技术与管理服务）（依法须经批准的项目，经相关部门批准后方可开展经营活动）",云南,昆明,"昆明市气象路30号华龙小区四期商住楼3-1--3-3号"
昆明市丰和粮油食品有限公司金穗粮油食品商场,91530100748261059U,1991-10-01,N/A,洪万富,"N/A","粮油及制品、熟食品、腌、腊制品、糕点、罐头、调味品、干水产品、乳制品、干菜、小食品、食用菌及山菜、烟（零售）、酒、糖、茶、瓶装饮料、冷冻食品、蜜饯果脯、淀粉制品、食品添加剂、日用百货、塑料制品的销售（依法须经批准的项目，经相关部门批准后方可开展经营活动）",云南,昆明,"云南省昆明市东风西路177号"
昆明隆德源经贸有限公司,91530100748281164J,1991-10-01,N/A,郑俊,"30(万元人民币)","标准紧固件、五金、轴承、电子产品、照明电器、汽车零配件、劳保用品、日用百货、服装鞋帽、文化用品、体育用品、工艺美术品、玻璃制品、塑料制品、纺织原料、针纺织品的零售；收购及零售有利用价值的废旧物资（有色及黑色金属除外）（依法须经批准的项目，经相关部门批准后方可开展经营活动）",云南,昆明,"云南省昆明市五华区南屏街南屏综合大楼四楼405号"
云天化集团有限责任公司昆明房屋租赁部,91530100778551671D,1991-10-01,N/A,陶平,"N/A","房屋租赁（依法须经批准的项目，经相关部门批准后方可开展经营活动）",云南,昆明,"昆明市环城西路137号"
昆明市轧钢厂劳动服务公司,91530100216573019A,1991-10-01,N/A,吕瑞泽,"52(万元人民币)","元钉、普通钢丝、镀锌扁丝、镀锌铁丝、建筑材料、五金交电、金属材料、汽车配件、金属丝网、电器机械及器材的销售；房屋租赁兼营范围：厂内劳务、产品包装、装卸（依法须经批准的项目，经相关部门批准后方可开展经营活动）",云南,昆明,"昆明市教场北路1号"
中国银行股份有限公司昆明市盘龙支行,915301009165932725,1991-10-01,N/A,李燕,"N/A","按《金融许可证》核定的范围开展经营活动（依法须经批准的项目，经相关部门批准后方可开展经营活动）",云南,昆明,"昆明市北京路与北辰大道交口西南角嶺域时代大厦A幢"
昆明新华书店连锁有限公司教材书店,91530100916605907G,1991-10-01,N/A,马应,"N/A","国内版书刊销售；图书、图片、期刊、画册、日历、杂志、大中专、中小学教材课本零售；音像制品、文化用品、体育用品、电子产品、家用电器、钟表眼镜、计算机及配件、普通机械及配件、照相器材、通信设备、珠宝首饰、工艺美术品、百货的销售入境旅游业务；出境旅游业务；国内旅游业务；会议会展；机票、车船票代理；客房代订；经济信息咨询；酒店管理（依法须经批准的项目，经相关部门批准后方可开展经营活动）",云南,昆明,"昆明市金碧路崇善大厦一楼"
中国银行股份有限公司昆明市新闻路支行,91530100709776332U,1991-10-01,N/A,杨素君,"N/A","按《金融许可证》核定的范围开展经营活动（依法须经批准的项目，经相关部门批准后方可开展经营活动）",云南,昆明,"昆明市新闻路264号-266号"
中国人民财产保险股份有限公司昆明市五华支公司,9153010091661562XD,1991-10-01,N/A,杨浩,"N/A","根据《经营保险业务许可证》核定的业务范围开展经营活动（依法须经批准的项目，经相关部门批准后方可开展经营活动）",云南,昆明,"昆明市人民中路洪化桥口"
昆明乐器用品有限责任公司东风西路乐器店,91530100916561676J,1991-10-01,N/A,符萍,"N/A","乐器及配件、工艺美术品、文教用品、儿童玩具、教学用具的销售；乐器修理（依法须经批准的项目，经相关部门批准后方可开展经营活动）",云南,昆明,"昆明市东风西路285.287号"
昆明新华书店连锁有限公司小西门书店,9153010091660316XY,1991-10-01,N/A,马应,"N/A","国内版书刊销售；图书、图片、期刊、画册、日历、杂志、大中专、中小学教材、课本零售；音像制品、文化用品、体育用品、电子产品、家用电器、钟表眼镜、计算机及配件、普通机械及配件、照相器材、通信器材、珠宝首饰、工艺美术品、百货、预包装食品的销售；入境旅游业务；出境旅游业务；国内旅游业务；会议会展；机票、车船票代理；客房代订；经济信息咨询；酒店管理（依法须经批准的项目，经相关部门批准后方可开展经营活动）",云南,昆明,"昆明市东风西路300号"
中国银行股份有限公司昆明市西坝支行,91530100709776340N,1991-10-01,N/A,谢琛,"N/A","按《金融许可证》核定的范围开展经营活动（依法须经批准的项目，经相关部门批准后方可开展经营活动）",云南,昆明,"云南省昆明市西山区西坝路中段金色枫桦商务中心商业用房109号"
中国工商银行股份有限公司昆明经开区支行,91530100709775372Q,1991-10-01,N/A,宋舟,"N/A","按<>核定的范围和时限开展经营活动（依法须经批准的项目，经相关部门批准后方可开展经营活动）",云南,昆明,"昆明市经济技术开发区昌宏路得胜家具城北区一楼"
云南新源再生产业有限公司第三收购站,91530100916562476E,1991-10-01,N/A,王永,"N/A","生产性废旧金属收购（依法须经批准的项目，经相关部门批准后方可开展经营活动）",云南,昆明,"昆明广福废旧物资交易市场A03号"
中国工商银行股份有限公司昆明正义支行,915301007097749861,1991-10-01,N/A,陈琦,"N/A","按<<金融经营许可证>>核定的范围和时限开展经营活动（依法须经批准的项目，经相关部门批准后方可开展经营活动）",云南,昆明,"云南省昆明市五华区正义路101号"
中国农业银行股份有限公司昆明前卫路支行,91530100916560403F,1991-10-01,N/A,张春艳,"N/A","金融服务（按《金融许可证》核定的范围和时限开展经营活动）",云南,昆明,"云南省昆明市前卫西路141号月光宝盒楼盘8栋B座1层西侧商铺"
昆明新华书店连锁有限公司滇池书城,91530100916600479D,1991-10-01,N/A,马应,"N/A","国内版书刊销售；图书、图片、期刊、画册、日历、杂志、大中专、中小学教材、课本零售；音像制品、文化用品、体育用品、电子产品、家用电器、钟表眼镜、计算机及配件、普通机械及配件、通信设备、照相器材、珠宝首饰、工艺美术品、百货的销售；停车服务；入境旅游业务；出境旅游业务；国内旅游业务；会议会展；机票、车船票代理；客房代订；经济信息咨询；酒店管理（依法须经批准的项目，经相关部门批准后方可开展经营活动）",云南,昆明,"昆明市严家地滇池路北侧滇池书城"
昆明南方大酒店管理有限公司,91530100216588931J,1991-10-01,N/A,岳秀珍,"200(万元人民币)","酒店管理；酒店用品销售；自有房屋租赁（依法须经批准的项目，经相关部门批准后方可开展经营活动）",云南,昆明,"昆明市环城东路18号"
昆明开达实业公司摄影分公司,91530100916615451E,1991-10-01,N/A,张庆生,"N/A","照像，彩扩，照像器材，文化办公用机械修理＊兼营范围：照像器材，工艺美术品＊（依法须经批准的项目，经相关部门批准后方可开展经营活动）",云南,昆明,"云南省昆明市盘龙区尚义街43号（北京路524号1幢43号）"
昆明市兴洲经贸有限责任公司,91530100216571515U,1991-10-01,N/A,杨显苎,"84(万元人民币)","针纺织品、百货、金属材料、汽车配件、摩托车配件、建筑材料，橡胶及制品、五金、交电、工艺美术品、电子产品、矿产品、农副产品；市场管理服务",云南,昆明,"昆明市刘家营小区隆基组团商业网点"
中国建设银行股份有限公司昆明环南支行,915301007134363146,1991-10-01,N/A,陈琪,"N/A","金融服务(按金融许可证核定的范围和时限开展经营活动);代理保险业务(按保险兼业代理业务许可证核定的代理险种和时限开展经营活动)(依法须经批准的项目,经相关部门批准后方可开展经营活动)",云南,昆明,"云南省昆明市环城南路219号"
云南昆阳磷肥厂有限公司,91530000216551776U,1991-10-09,N/A,Johan Unggul翁乾振,"5,312(万元人民币)","生产、销售本企业自产的各类磷肥、复混肥料及磷化工产品；硫酸的生产和销售；仪器仪表的生产和销售；提供化工技术服务，组织化学工程设计，汽车运输，普通危险品的道路运输,机动车零配件的销售;公司内部物业管理、住宿(限分支机构经营),化学工业专用设备制造、安装、维修；进出口业务",云南,昆明,"云南省昆明市晋宁县昆阳镇"
孟连县发电有限责任公司职工持股会,51530827792869088N,1991-10-09,N/A,岩扁,"N/A","房屋出租。兼营范围：汽球",云南,普洱,"云南省普洱市孟连傣族拉祜族佤族自治县田园路电力公司内"
中国工商银行股份有限公司保山祥和支行,91530502577266639T,1991-10-12,N/A,唐树哲,"N/A","金融业务。",云南,保山,"云南省保山市隆阳区兰城街道上巷街28号"
宝安区公明镇将石村宏发电器制品厂,915325019179042042,1991-10-13,N/A,麦岸成,"N/A","整流器、变压器、应急灯控制板、应急灯组件、指示灯组件。",云南,红河,"公明将石工业区"
中国农业银行股份有限公司绿春县支行,91532531918131565X,1991-10-14,N/A,孟涛,"N/A","经营中国银行业监督管理委员会依照有关法律、行政法规和其他规定批准的业务，经营范围以批准文件所列的为准",云南,红河,"绿春县大兴街41号"
云南同图园区产业投资有限公司,9153000021655474XM,1991-10-14,N/A,史顺,"80,000(万元人民币)","园区投资及运营；基础设施建设投资；产业研究与规划咨询；投资与资产管理；企业并购；企业管理咨询；项目及投资管理咨询；财务咨询，（依法须经批准的项目，经相关部门批准后方可开展经营活动）",云南,昆明,"云南省昆明市经济技术开发区出口加工区顺通大道50号工投集团2号楼6楼"
富宁县物资公司废旧金属收购门市部,91532628MA6KWKGL9J,1991-10-14,N/A,杨宁,"N/A","收购废旧金属、废旧纸张、酒瓶兼营范围：无（依法须经批准的项目，经相关部门批准后方可开展经营活动）",云南,文山,"云南省县城北路121号"
中国建设银行股份有限公司易门支行,915304252177908838,1991-10-14,N/A,储家辉,"N/A","吸收公众存款；发放人民币短期、中期和长期贷款；办理人民币结算；办理票据贴现；经中国银行业监督管理委员会批准的其他业务。",云南,玉溪,"云南省玉溪市易门县龙泉镇易兴路82号"
昆明自动化成套集团股份有限公司,91530100709722879E,1991-10-15,N/A,陈俭民,"3,150(万元人民币)","电力工程、机电设备安装工程、送变电工程、水利水电工程、电子工程、房屋建筑工程、通信工程、铁路电气化工程；建设项目的管理和相关的技术服务；工程监理；电力设施维修；售电业务；清洁能源生产（限分支机构）；新能源汽车的销售、租赁服务；新能源汽车充电设施的投资、运营、销售、租赁、设计、施工；电子计算机软硬件研发及应用服务；计算机信息系统、通信信息系统集成；电气机械及器材、通讯设备（无线电发射及接收设备除外）、电子产品、仪器仪表、充电桩的生产制造（限分支机构）及销售；货物及技术进出口业务；劳务派遣；光伏发电、风力发电、生物能发电及其它新能源项目的工程建设、运营、维护、管理（依法须经批准的项目，经相关部门批准后方可开展经营活动）",云南,昆明,"昆明市盘龙区白塔路131号汇都国际B座七楼732号"
保山市隆阳区日用杂品公司,91530502218931860U,1991-10-23,N/A,杨家祥,"102.2400(万)","日用杂货，百货，纺织品、针织品，服装，五金交电，家具，文具用品、体育用品批发零售。兼营范围：",云南,保山,"云南省保山市隆阳区兰城街道上巷街4号"
昆明云耀商贸有限公司,91530103292236225C,1991-10-23,N/A,郑云才,"30(万元人民币)","国内贸易、物资供销业（依法须经批准的项目，经相关部门批准后方可开展经营活动）",云南,昆明,"云南省昆明市席子营1区14幢3单元204号"
昆明市丰和粮油食品有限公司金穗酒店,91530100748261067N,1991-10-23,N/A,洪万富,"N/A","住宿（含沐浴、理发）；糕点、面点及熟食品加工、销售；酒（零售）；中餐、西餐、饭菜、煮品、甜品、冷饮、饮料、花卉、工艺美术品、珠宝玉器制成品的销售（依法须经批准的项目，经相关部门批准后方可开展经营活动）",云南,昆明,"云南省昆明市东风西路177号"
昆明欣乐福商贸有限公司,91530103216681095D,1991-10-24,N/A,金显洪,"132.8600(万元人民币)","国内贸易、物资供销；自有房屋租赁（依法须经批准的项目，经相关部门批准后方可开展经营活动）",云南,昆明,"昆明市盘龙区北京路810号"
建水县临安供销合作社,91532524217992434J,1991-10-24,集体所有制,黄维勇,"39.17万人民币","针纺织品、百货、五金交电化工品、日用杂品、家具、层板、纤维板、化肥、农药〔高毒、高残留及属化学品的农药除外，限分支机构销售〕、农膜、农具零售。兼营范围：农副产品",云南,红河,"云南省红河州建水县临安镇北正路与323线交叉路口"
云南黄金矿业集团进出口有限公司,91530000216554037Q,1991-10-25,N/A,吴立斌,"3,101(万元人民币)","地矿专用物资及设备（不含国家管理商品），地矿野外作业生活用品，工矿配件，五金工具，仪器仪表，金属材料，矿产品，建筑及装饰材料，化工原料及产品（不含管理商品），农副产品",云南,昆明,"云南省昆明市官渡区福德路1899号"
中国银行股份有限公司文山州分行,91532600218170811X,1991-10-25,N/A,杨林,"N/A","经营中国银行业监督管理委员会依照有关法律、行政法规和其他规定批准的业务，经营范围以批准文件所列的为准",云南,文山,"云南省文山州文山市开化中路138号"
中国建设银行股份有限公司景谷支行,915308242184512934,1991-10-28,N/A,王建伟,"N/A","吸收公众存款；发放人民币短期、中期和长期贷款；办理人民币结算；办理票据贴现；办理外汇存款；外币兑换；外汇汇款；经中国银行行业监督管理委员会批准的其他业务；家财险、长期寿险、健康险、人身意外伤害保险、与贷款抵押标的相关的财产保险。",云南,普洱,"云南省普洱市景谷傣族彝族自治县永平路21号"
云南省饮食服务总公司(云南省商业旅游总公司),91530000713408743Y,1991-10-31,N/A,毛吉新,"1,265.9000(万)","旅游饭店，厨房设备，原辅材料，客房用品，饮料食品，旅游商品。客房、公共浴室、棋牌娱乐",云南,昆明,"云南省昆明市永安路70号"
昆明云达电力电子科研有限公司,915301112165553475,1991-11-04,N/A,陈应吉,"1,000(万元人民币)","高低压电器及配件、高低压成套设备、箱式变电站、电缆桥架的研究、组装；高低压电器、高低压成套设备、箱式变电站、电缆桥架的安装；高低压电器及配件、高低压成套设备、箱式变电站、电缆桥架、电子产品、五金交电、仪器仪表、电线电缆、普通机械设备、日用百货、建筑材料、金属制品、针纺织品、橡胶制品、家具的销售；普通货运；货运代理。",云南,昆明,"云南省昆明市昌宏路高原明珠国际五金机电城A8-9号商铺4+1F"
禄丰县妥安供销合作社,91532331217643074J,1991-11-06,集体所有制,起树荣,"66.9万人民币","化肥、农膜、杀虫剂、杀菌剂、杀鼠剂、除草剂、植物生长调节剂兼营范围：",云南,楚雄,"禄丰县妥安乡"
梁河县民族建筑公司,91533122219121069K,1991-11-16,N/A,林华伟,"608(万元人民币)","房屋建筑工程；钢铝门窗制作（依法须经批准的项目，经相关部门批准后方可开展经营活动）",云南,德宏,"云南省德宏州梁河县遮岛镇南甸路159号"
江城哈尼族彝族自治县咖啡土产公司工会,81530826356073139K,1991-11-21,N/A,杨成勇,"N/A","土特产品、咖啡。兼营范围：三类中药材。",云南,普洱,"江城县勐烈西路21号附22号"
孟连县供销合作社联合社社有资产管理中心土产咖啡公司,91530827918510311J,1991-11-21,集体分支机构(非法人),杨成勇,"N/A","土特产品、咖啡。兼营范围：三类中药材。",云南,普洱,"云南省普洱市孟连县娜允镇白象街8号"
孟连县供销合作社联合社社有资产管理中心.,915308276736281267,1991-11-21,集体所有制,陶兴玉,"406万人民币","农业生产资料、化肥、农药、农膜、烟花爆竹、房屋租赁、市场管理、土特产品、咖啡。",云南,普洱,"云南省普洱市孟连县娜允镇白象街8号"
中国建设银行股份有限公司安宁金方路支行,91530181916829329J,1991-11-21,N/A,简锐,"N/A","吸收公众存款、发放人民币短期、中期和长期贷款；办理人民币结算；办理票据贴现；代理保险业务；经中国人民银行、中国银行业监督管理机构等监管部门批准的其他业务。",云南,昆明,"云南省昆明市安宁市湖滨路3号"
孟连县供销合作社联合社社有资产管理中心农资日杂经营部,915308277098367106,1991-11-22,集体分支机构(非法人),李云辉,"N/A","农业生产资料、化肥、农膜、农药",云南,普洱,"云南省普洱市孟连县城大街14号"
云南屏边黄磷厂有限责任公司,91532523217970198P,1991-11-26,N/A,侯应权,"3,600(万元人民币)","黄磷生产销售；汽油、柴油销售(仅限于分公司经营)；有色金属(贵金属除外)、黑色金属、铁合金、非金属矿产品购销；砖、水泥生产销售；五金交电、机电产品、日用百货零售；机械修理（依法须经批准的项目，经相关部门批准后方可开展经营活动）",云南,红河,"屏边县白河乡白河街"
昆明呈贡红光塑料制品有限公司,91530100709735661N,1991-11-29,有限责任公司,肖天栋,"1060万人民币","塑料制品生产销售；经营本企业自产产品及技术的出口业务和本企业所需的机械设备、零配件、原辅材料及技术的进出口业务，但国家限定公司经营或禁止进出口的商品及技术除外。",云南,昆明,"云南省呈贡大渔龙潭山"
昆明思宝特电镀材料有限公司,9153010321665912XQ,1991-12-02,N/A,金宝荣,"50(万元人民币)","电镀用设备及材料、玻璃制品、仪器仪表、五金产品、汽车配件、水暖器材的销售；按《中华人民共和国危险化学品经营许可证》核准的经营范围和时限开展经营活动",云南,昆明,"云南省昆明市盘龙区景江花园8幢1单元201号"
金平苗族瑶族傣族自治县勐拉橡胶公司,91532530218110827C,1991-12-03,N/A,普和明,"601(万元人民币)","天然橡胶种植；收购；加工；销售。兼营范围：住宿服务；自来水供应",云南,红河,"金平县勐拉街"
昆明市绿宝茶叶有限公司,91530112719444534E,1991-12-03,N/A,耿庆国,"50(万元人民币)","按《食品卫生许可证》核准的范围和时限开展经营活动；以下经营范围限分支机构经营：紧压茶的生产、加工、预包装食品的生产、加工及销售。",云南,昆明,"昆明市西华路40号河北社区居委会办公楼一楼"
安宁市物资回收总公司废旧物资交易市场三十三门市,9153018191682478X9,1991-12-03,N/A,陈荣宪,"N/A","废旧金属及其他废旧物资收购、调拨、销售＊兼营范围：（依法须经批准的项目，经相关部门批准后方可开展经营活动）",云南,昆明,"云南省昆明市安宁市连然镇大凹子村"
昆明五星机械设备有限公司,915301032166591629,1991-12-05,N/A,卢利斌,"50(万元人民币)","国内贸易、物资供销（依法须经批准的项目，经相关部门批准后方可开展经营活动）",云南,昆明,"云南省昆明市盘龙区北市区三竹营金色大道金庐园15幢09号"
中国农业银行股份有限公司易门兴文街分理处,915304259177950010,1991-12-05,N/A,唐秋雁,"N/A","吸收人民币公众存款，发放人民币短期、中期和长期贷款，办理人民币结算，办理票据贴现，经中国银行业监督管理委员会批准的其他业务；经中国保监会核准的财产险、人身险",云南,玉溪,"云南省玉溪市易门县龙泉街道办事处兴文街82号"
中国农业银行股份有限公司易门六街分理处,915304259177950528,1991-12-05,N/A,信长学,"N/A","吸收公众存款，发放人民币短期、中期和长期贷款，办理人民币结算，办理票据贴现，经中国银行业监督管理委员会批准的其他业务；经中国保监会核准的财产险、人身险",云南,玉溪,"云南省玉溪市易门县六街街道办事处振兴街51号"
中国农业银行股份有限公司易门县支行,915304252177908913,1991-12-05,N/A,李万英,"N/A","吸收公众存款；发放人民币短期、中期和长期贷款；办理人民币结算；办理票据贴现；办理外汇存款、外汇贷款、外汇汇款、外汇兑换；国际结算、结汇、售汇；经中国银行业监督管理委员会批准的其他业务；经中国保监会核准的财产险和人身险",云南,玉溪,"云南省玉溪市易门县龙泉镇易兴路221号"
寻甸回族彝族自治县电影发行放映公司,9153012943175842XN,1991-12-11,N/A,沈文明,"64(万元人民币)","电影放映兼营范围：电影器材零配件零售（依法须经批准的项目，经相关部门批准后方可开展经营活动）",云南,昆明,"寻甸县仁德镇玉屏街10号"
昆明盘龙宾馆有限公司,915301034313911382,1991-12-16,N/A,杨诚刚,"5,000(万元人民币)","酒店管理；国内贸易、物资供销（依法须经批准的项目，经相关部门批准后方可开展经营活动）",云南,昆明,"云南省昆明市盘龙区拓东路4号"
中国银行股份有限公司普洱市北市区支行,91530800918352835H,1991-12-16,N/A,王享娅,"N/A","许可该机构经营中国银行业监督管理委员会依照有关法律、行政法规和其他规定批准的业务，经营范围以批准文件所列的为准。",云南,普洱,"普洱市思茅区振兴北路石龙路口东北角茗志小区3幢1单元1层商C—101号"
云南航天红云机械有限公司,91530000216565430Q,1991-12-19,有限责任公司,吕光辉,"1080万人民币","设计、制造、加工、工模具、精密机械、机电产品；动力安装。",云南,昆明,"云南省昆明市大石坝航天城"
云南陇川农村商业银行股份有限公司户撒支行,91533124919161053B,1991-12-19,N/A,杨永川,"N/A","吸收公众存款；发放短期、中期和长期贷款；办理国内外结算；办理票据承兑与贴现；代理发行、代理兑付、承销政府债券；买卖政府债券、金融债券；从事同业拆借；从事银行卡业务；代理收付款项及代理保险业务；开办外汇业务",云南,德宏,"陇川县户撒乡芒东街道"
云南省腾冲县饵丝工业公司,9153052221899049X8,1991-12-23,N/A,林国华,"42(万元人民币)","饵丝",云南,保山,"云南省保山市腾越镇二街光华西路56号"
昆明联社贸易总公司友联宾馆,915301009166147909,1991-12-23,N/A,蒋新艺,"N/A","住宿；美容美发＊兼营范围：（依法须经批准的项目，经相关部门批准后方可开展经营活动）",云南,昆明,"昆明市北京路102号"
耿马傣族佤族自治县双扶福利公司,915309262196211782,1991-12-25,N/A,李晓东,"79(万元人民币)","住宿；停车。兼营范围：",云南,临沧,"云南省临沧市耿马县建设路216号"
中国工商银行股份有限公司红河分行,91532500217870381F,1991-12-27,N/A,李胜祥,"N/A","许可该机构经营中国银行业监督管理委员会依照有关法律、行政法规和其他规定批准的业务，经营范围以批准文件所列的为准。",云南,红河,"云南省红河州蒙自市天马路41号"
